,AAPL,AMZN,JPM,KO,MSFT,NVDA,UNH,WMT,XOM
AAPL,8.204245030472925e-05,-3.4890817614698924e-06,6.579723576478768e-07,-1.5815992970987493e-06,-1.676090022609679e-05,-1.6030993650981497e-05,5.171130277955251e-06,1.669377775752322e-06,-4.1811859729144957e-07
AMZN,-3.4890817614698924e-06,9.559961469928928e-05,5.413481153809309e-07,2.0110003377418867e-06,3.0292347730490754e-06,-1.2196706985571757e-06,-6.68635371308317e-07,-2.3697043448829493e-06,3.0752179576191134e-06
JPM,6.579723576478768e-07,5.413481153809309e-07,2.0781657823982355e-05,-1.1023509605772611e-07,1.4927776516368693e-06,-2.016817618619939e-06,-4.559769818182689e-07,8.190218712955531e-07,1.343815796320167e-06
KO,-1.5815992970987493e-06,2.0110003377418867e-06,-1.1023509605772611e-07,2.821626722981924e-05,1.4635079654188064e-06,2.77423625623199e-06,-1.1738941296889106e-06,-7.396926088270465e-06,1.6273280170889105e-08
MSFT,-1.676090022609679e-05,3.0292347730490754e-06,1.4927776516368693e-06,1.4635079654188064e-06,5.657923494662045e-05,-8.393472506429656e-06,1.938271561117941e-06,1.121177299625842e-06,-1.1009683143356275e-06
NVDA,-1.6030993650981497e-05,-1.2196706985571757e-06,-2.016817618619939e-06,2.77423625623199e-06,-8.393472506429656e-06,0.00028340586670376304,1.288030211225339e-06,3.2766856474761185e-06,2.827621210685704e-06
UNH,5.171130277955251e-06,-6.68635371308317e-07,-4.559769818182689e-07,-1.1738941296889106e-06,1.938271561117941e-06,1.288030211225339e-06,4.672519776940685e-05,3.7049001245427007e-06,3.283706443799147e-07
WMT,1.669377775752322e-06,-2.3697043448829493e-06,8.190218712955531e-07,-7.396926088270465e-06,1.121177299625842e-06,3.2766856474761185e-06,3.7049001245427007e-06,8.177099674953287e-05,1.7460713726463492e-07
XOM,-4.1811859729144957e-07,3.0752179576191134e-06,1.343815796320167e-06,1.6273280170889105e-08,-1.1009683143356275e-06,2.827621210685704e-06,3.283706443799147e-07,1.7460713726463492e-07,2.58680468542103e-05
