fold,model,probability calibration,threshold source,calibration runtime seconds,ROC AUC,PR AUC,Precision,Recall,F1,Brier,Log loss,Mean predicted probability,Observed event prevalence,Calibration gap,Absolute calibration gap,Threshold,Predicted event rate,Observed event rate,base model,class weight,validation PR AUC,selection runtime seconds,refit runtime seconds,parameter count,calibration observations,calibration event prevalence,evaluation_structure
0,Choquistic 1-additive [balanced],uncalibrated,selection validation,0.0,0.5913461538461539,0.10776478596711897,0.05138339920948617,1.0,0.09774436090225563,0.2687620146397323,0.7502339372837485,0.507575806618822,0.05138339920948617,0.4561924074093358,0.4561924074093358,0.027504565751509672,1.0,0.05138339920948617,Choquistic 1-additive,balanced,0.007759057780999575,0.30360809998819605,0.2898717999923974,12.0,498,0.04819277108433735,rolling_5y
0,Choquistic 1-additive [balanced] [sigmoid],sigmoid,calibration,0.012601500027813017,0.40865384615384615,0.06285181669502113,0.0,0.0,0.0,0.049469335961805076,0.21514959634402744,0.03954211917160821,0.05138339920948617,-0.01184128003787796,0.01184128003787796,0.07361110045275437,0.0,0.05138339920948617,Choquistic 1-additive,balanced,0.007759057780999575,0.30360809998819605,0.2898717999923974,12.0,498,0.04819277108433735,rolling_5y
0,Choquistic 1-additive [unweighted],uncalibrated,selection validation,0.0,0.5291666666666667,0.09738065153090247,0.05138339920948617,1.0,0.09774436090225563,0.05025297292241683,0.217639438266271,0.03762388732167036,0.05138339920948617,-0.013759511887815809,0.013759511887815809,0.002864805698526316,1.0,0.05138339920948617,Choquistic 1-additive,unweighted,0.007393777393777393,0.2849343999987468,0.22739830001955852,12.0,498,0.04819277108433735,rolling_5y
0,Choquistic 1-additive [unweighted] [sigmoid],sigmoid,calibration,0.013911999994888902,0.4708333333333333,0.0646629906136678,0.0,0.0,0.0,0.04921770073845408,0.21132682522812665,0.037962828107958015,0.05138339920948617,-0.013420571101528153,0.013420571101528153,0.06359579530728464,0.0,0.05138339920948617,Choquistic 1-additive,unweighted,0.007393777393777393,0.2849343999987468,0.22739830001955852,12.0,498,0.04819277108433735,rolling_5y
0,Choquistic 2-additive [balanced],uncalibrated,selection validation,0.0,0.6125,0.10426510781946739,0.05138339920948617,1.0,0.09774436090225563,0.16657319480982447,0.5194915610713439,0.3710264282797223,0.05138339920948617,0.3196430290702362,0.3196430290702362,0.002696956420426063,1.0,0.05138339920948617,Choquistic 2-additive,balanced,0.007633031193589684,1.026967199984938,1.2369222000124864,57.0,498,0.04819277108433735,rolling_5y
0,Choquistic 2-additive [balanced] [sigmoid],sigmoid,calibration,0.014639200002420694,0.6125,0.10426510781946739,0.058823529411764705,0.46153846153846156,0.10434782608695652,0.04867984579023799,0.20190003816114221,0.04877960335935788,0.05138339920948617,-0.0026037958501282862,0.0026037958501282862,0.048765257797919535,0.4031620553359684,0.05138339920948617,Choquistic 2-additive,balanced,0.007633031193589684,1.026967199984938,1.2369222000124864,57.0,498,0.04819277108433735,rolling_5y
0,Choquistic 2-additive [unweighted],uncalibrated,selection validation,0.0,0.5717948717948718,0.09493326467245729,0.05138339920948617,1.0,0.09774436090225563,0.05000649126104531,0.2417643727443533,0.012506113064093473,0.05138339920948617,-0.038877286145392695,0.038877286145392695,0.0010882258074600105,1.0,0.05138339920948617,Choquistic 2-additive,unweighted,0.00908427977409545,1.0828751000226475,1.7197216999484226,57.0,498,0.04819277108433735,rolling_5y
0,Choquistic 2-additive [unweighted] [sigmoid],sigmoid,calibration,0.014485600055195391,0.5717948717948718,0.09493326467245729,0.061224489795918366,0.46153846153846156,0.10810810810810811,0.04864434594237158,0.20157193074342145,0.04918505286386059,0.05138339920948617,-0.0021983463456255806,0.0021983463456255806,0.04925831772161097,0.38735177865612647,0.05138339920948617,Choquistic 2-additive,unweighted,0.00908427977409545,1.0828751000226475,1.7197216999484226,57.0,498,0.04819277108433735,rolling_5y
0,Choquistic model aggregator [balanced],uncalibrated,selection validation,0.0,0.5028846153846154,0.07403564331825019,0.0,0.0,0.0,0.04875013720057786,0.20263808555449989,0.054027582526334356,0.05138339920948617,0.002644183316848188,0.002644183316848188,0.05791117521057976,0.0,0.05138339920948617,Choquistic model aggregator,balanced,0.010810810810810811,0.010068100003991276,0.0,15.0,498,0.04819277108433735,rolling_5y
0,Choquistic model aggregator [balanced] [sigmoid],sigmoid,calibration,0.007290199981071055,0.5,0.05138339920948617,0.05138339920948617,1.0,0.09774436090225563,0.0487524150918052,0.20266741135366514,0.048338797981009304,0.05138339920948617,-0.0030446012284768634,0.0030446012284768634,0.01,1.0,0.05138339920948617,Choquistic model aggregator,balanced,0.010810810810810811,0.010068100003991276,0.0,15.0,498,0.04819277108433735,rolling_5y
0,Choquistic model aggregator [unweighted],uncalibrated,selection validation,0.0,0.5176282051282051,0.062277701717994766,0.05485232067510549,1.0,0.104,0.04880578935320002,0.2030681095906768,0.04949639536022731,0.05138339920948617,-0.001887003849258856,0.001887003849258856,0.04750326206047503,0.9367588932806324,0.05138339920948617,Choquistic model aggregator,unweighted,0.015214760938962093,0.00963200000114739,0.0,15.0,498,0.04819277108433735,rolling_5y
0,Choquistic model aggregator [unweighted] [sigmoid],sigmoid,calibration,0.009048700041603297,0.4823717948717948,0.05421894636044335,0.03225806451612903,0.15384615384615385,0.05333333333333334,0.04874535395811061,0.20250095249311795,0.04852034247681034,0.05138339920948617,-0.0028630567326758255,0.0028630567326758255,0.05048955730472472,0.2450592885375494,0.05138339920948617,Choquistic model aggregator,unweighted,0.015214760938962093,0.00963200000114739,0.0,15.0,498,0.04819277108433735,rolling_5y
0,Gradient boosting [balanced],uncalibrated,selection validation,0.0,0.5637820512820513,0.06613315458080551,0.056074766355140186,0.9230769230769231,0.10572687224669604,0.056529267866063,0.2566704995248939,0.039136852407274686,0.05138339920948617,-0.012246546802211482,0.012246546802211482,0.0026570911399073083,0.8458498023715415,0.05138339920948617,Gradient boosting,balanced,0.01502303238462914,0.6123392000445165,0.06578220002120361,,498,0.04819277108433735,rolling_5y
0,Gradient boosting [balanced] [sigmoid],sigmoid,calibration,0.01754359999904409,0.4362179487179487,0.04779131293399784,0.03676470588235294,0.38461538461538464,0.06711409395973154,0.048930293711705874,0.20452048845526624,0.04804412540631442,0.05138339920948617,-0.003339273803171748,0.003339273803171748,0.047550244302565985,0.5375494071146245,0.05138339920948617,Gradient boosting,balanced,0.01502303238462914,0.6123392000445165,0.06578220002120361,,498,0.04819277108433735,rolling_5y
0,Gradient boosting [unweighted],uncalibrated,selection validation,0.0,0.5650641025641026,0.06772640940144385,0.05952380952380952,0.7692307692307693,0.11049723756906077,0.052111401138224135,0.3096748932318648,0.008302778645158979,0.05138339920948617,-0.04308062056432719,0.04308062056432719,0.0012493809594035636,0.6640316205533597,0.05138339920948617,Gradient boosting,unweighted,0.01681075207860922,0.6398322000168264,0.061937800026498735,,498,0.04819277108433735,rolling_5y
0,Gradient boosting [unweighted] [sigmoid],sigmoid,calibration,0.01817919994937256,0.5650641025641026,0.06772640940144385,0.05726872246696035,1.0,0.10833333333333334,0.048729635857105394,0.20240797800919702,0.04786841103930821,0.05138339920948617,-0.0035149881701779587,0.0035149881701779587,0.04590157481859518,0.8972332015810277,0.05138339920948617,Gradient boosting,unweighted,0.01681075207860922,0.6398322000168264,0.061937800026498735,,498,0.04819277108433735,rolling_5y
0,Logistic [balanced],uncalibrated,selection validation,0.0,0.5423076923076923,0.07895198390297925,0.05179282868525897,1.0,0.09848484848484848,0.16965939446663428,0.5318800624204798,0.2624210142425917,0.05138339920948617,0.2110376150331055,0.2110376150331055,5.814348883064487e-07,0.9920948616600791,0.05138339920948617,Logistic,balanced,0.009962308574779645,0.007867200009059161,0.005663299991283566,11.0,498,0.04819277108433735,rolling_5y
0,Logistic [balanced] [sigmoid],sigmoid,calibration,0.010546800040174276,0.45769230769230773,0.05113888339895378,0.043010752688172046,0.3076923076923077,0.07547169811320754,0.048881004626963195,0.20396285716017692,0.048355077024416236,0.05138339920948617,-0.0030283221850699316,0.0030283221850699316,0.04887499225114832,0.3675889328063241,0.05138339920948617,Logistic,balanced,0.009962308574779645,0.007867200009059161,0.005663299991283566,11.0,498,0.04819277108433735,rolling_5y
0,Logistic [unweighted],uncalibrated,selection validation,0.0,0.5051282051282051,0.06419490329154792,0.05138339920948617,1.0,0.09774436090225563,0.050959387285867144,0.345346987308033,0.006460109505098609,0.05138339920948617,-0.04492328970438756,0.04492328970438756,1.35883785747843e-09,1.0,0.05138339920948617,Logistic,unweighted,0.009703260581369562,0.007940199982840568,0.0049149999977089465,11.0,498,0.04819277108433735,rolling_5y
0,Logistic [unweighted] [sigmoid],sigmoid,calibration,0.010572500003036112,0.4948717948717949,0.055974496656341445,0.0,0.0,0.0,0.04885324526761169,0.20363280277833337,0.04758471221387227,0.05138339920948617,-0.0037986869956138994,0.0037986869956138994,0.05008411361961264,0.21739130434782608,0.05138339920948617,Logistic,unweighted,0.009703260581369562,0.007940199982840568,0.0049149999977089465,11.0,498,0.04819277108433735,rolling_5y
0,Logistic oriented [balanced],uncalibrated,selection validation,0.0,0.5423076923076923,0.07895198390297925,0.05179282868525897,1.0,0.09848484848484848,0.16965939446663428,0.5318800624204798,0.2624210142425917,0.05138339920948617,0.2110376150331055,0.2110376150331055,5.814348883064487e-07,0.9920948616600791,0.05138339920948617,Logistic oriented,balanced,0.009962308574779645,0.008558999979868531,0.008416000055149198,11.0,498,0.04819277108433735,rolling_5y
0,Logistic oriented [balanced] [sigmoid],sigmoid,calibration,0.012471300025936216,0.45769230769230773,0.05113888339895378,0.043010752688172046,0.3076923076923077,0.07547169811320754,0.048881004626963195,0.20396285716017692,0.048355077024416236,0.05138339920948617,-0.0030283221850699316,0.0030283221850699316,0.04887499225114832,0.3675889328063241,0.05138339920948617,Logistic oriented,balanced,0.009962308574779645,0.008558999979868531,0.008416000055149198,11.0,498,0.04819277108433735,rolling_5y
0,Logistic oriented [unweighted],uncalibrated,selection validation,0.0,0.5051282051282051,0.06419490329154792,0.05138339920948617,1.0,0.09774436090225563,0.050959387285867144,0.345346987308033,0.006460109505098609,0.05138339920948617,-0.04492328970438756,0.04492328970438756,1.35883785747843e-09,1.0,0.05138339920948617,Logistic oriented,unweighted,0.009703260581369562,0.008565500029362738,0.0057622999884188175,11.0,498,0.04819277108433735,rolling_5y
0,Logistic oriented [unweighted] [sigmoid],sigmoid,calibration,0.01236379996407777,0.4948717948717949,0.055974496656341445,0.0,0.0,0.0,0.04885324526761169,0.20363280277833337,0.04758471221387227,0.05138339920948617,-0.0037986869956138994,0.0037986869956138994,0.05008411361961264,0.21739130434782608,0.05138339920948617,Logistic oriented,unweighted,0.009703260581369562,0.008565500029362738,0.0057622999884188175,11.0,498,0.04819277108433735,rolling_5y
0,Penalized logistic [balanced],uncalibrated,selection validation,0.0,0.5413461538461538,0.07887358742249395,0.05179282868525897,1.0,0.09848484848484848,0.1687316482080758,0.5289408859894684,0.2618481256519141,0.05138339920948617,0.21046472644242795,0.21046472644242795,1.0849892150215116e-06,0.9920948616600791,0.05138339920948617,Penalized logistic,balanced,0.009723213923664552,0.025488699960988015,0.005760699976235628,11.0,498,0.04819277108433735,rolling_5y
0,Penalized logistic [balanced] [sigmoid],sigmoid,calibration,0.00974609999684617,0.4586538461538462,0.05127847945424405,0.043478260869565216,0.3076923076923077,0.0761904761904762,0.048882086933024954,0.20397305106460095,0.0483592861588548,0.05138339920948617,-0.003024113050631369,0.003024113050631369,0.04890708223601017,0.36363636363636365,0.05138339920948617,Penalized logistic,balanced,0.009723213923664552,0.025488699960988015,0.005760699976235628,11.0,498,0.04819277108433735,rolling_5y
0,Penalized logistic [unweighted],uncalibrated,selection validation,0.0,0.5016025641025641,0.062191444333189835,0.052845528455284556,1.0,0.10038610038610038,0.05094906256238295,0.3375646895586424,0.006785419312023219,0.05138339920948617,-0.04459797989746295,0.04459797989746295,2.2791660417815425e-07,0.9723320158102767,0.05138339920948617,Penalized logistic,unweighted,0.009192817476737582,0.02419899997767061,0.004971000016666949,11.0,498,0.04819277108433735,rolling_5y
0,Penalized logistic [unweighted] [sigmoid],sigmoid,calibration,0.010312200000043958,0.4983974358974359,0.05633776037805195,0.0,0.0,0.0,0.04885138784738218,0.20361366649957457,0.04745381262638332,0.05138339920948617,-0.0039295865831028495,0.0039295865831028495,0.05009146201847148,0.20553359683794467,0.05138339920948617,Penalized logistic,unweighted,0.009192817476737582,0.02419899997767061,0.004971000016666949,11.0,498,0.04819277108433735,rolling_5y
0,Rolling prior probability,uncalibrated,selection validation,0.0,0.5,0.05138339920948617,0.05138339920948617,1.0,0.09774436090225563,0.049555576985679875,0.21605660981387836,0.02288021534320323,0.05138339920948617,-0.02850318386628294,0.02850318386628294,0.01,1.0,0.05138339920948617,Rolling prior probability,not applicable,0.010723860589812333,0.004286700044758618,0.0022536999895237386,,498,0.04819277108433735,rolling_5y
0,Rolling prior probability [sigmoid],sigmoid,calibration,0.009601700003258884,0.5,0.05138339920948617,0.05138339920948617,1.0,0.09774436090225563,0.04875241508675754,0.20266741129880214,0.048338798809957235,0.05138339920948617,-0.0030446003995289322,0.0030446003995289322,0.01,1.0,0.05138339920948617,Rolling prior probability,not applicable,0.010723860589812333,0.004286700044758618,0.0022536999895237386,,498,0.04819277108433735,rolling_5y
1,Choquistic 1-additive [balanced],uncalibrated,selection validation,0.0,0.518,0.012639109697933228,0.007936507936507936,1.0,0.015748031496062992,0.19131317840136164,0.5737305888520355,0.4308688544802057,0.007936507936507936,0.4229323465436977,0.4229323465436977,9.918915247954082e-30,1.0,0.007936507936507936,Choquistic 1-additive,balanced,0.07255925909593738,0.3479914999916218,0.3068499999935739,12.0,500,0.028,rolling_5y
1,Choquistic 1-additive [balanced] [sigmoid],sigmoid,calibration,0.012912500009406358,0.518,0.012639109697933228,0.0,0.0,0.0,0.00796082288889764,0.049252153527629704,0.016317431936553016,0.007936507936507936,0.00838092400004508,0.00838092400004508,0.06448927101785507,0.0,0.007936507936507936,Choquistic 1-additive,balanced,0.07255925909593738,0.3479914999916218,0.3068499999935739,12.0,500,0.028,rolling_5y
1,Choquistic 1-additive [unweighted],uncalibrated,selection validation,0.0,0.514,0.012410666256820104,0.007936507936507936,1.0,0.015748031496062992,0.008663056290804208,0.06167945506016142,0.034059189577644214,0.007936507936507936,0.026122681641136278,0.026122681641136278,6.04692832161709e-14,1.0,0.007936507936507936,Choquistic 1-additive,unweighted,0.07209208239699888,0.41482870001345873,0.21948650002013892,12.0,500,0.028,rolling_5y
1,Choquistic 1-additive [unweighted] [sigmoid],sigmoid,calibration,0.012705900007858872,0.514,0.012410666256820104,0.0,0.0,0.0,0.00795938905446496,0.049177717593632174,0.01611233152697899,0.007936507936507936,0.008175823590471053,0.008175823590471053,0.06392981919605883,0.0,0.007936507936507936,Choquistic 1-additive,unweighted,0.07209208239699888,0.41482870001345873,0.21948650002013892,12.0,500,0.028,rolling_5y
1,Choquistic 2-additive [balanced],uncalibrated,selection validation,0.0,0.6679999999999999,0.017246376811594202,0.007936507936507936,1.0,0.015748031496062992,0.26856099617947016,0.7345301396435073,0.5111066634846186,0.007936507936507936,0.5031701555481107,0.5031701555481107,8.142663677143595e-22,1.0,0.007936507936507936,Choquistic 2-additive,balanced,0.099900369721308,1.4433516999706626,1.5259727999800816,57.0,500,0.028,rolling_5y
1,Choquistic 2-additive [balanced] [sigmoid],sigmoid,calibration,0.013208899996243417,0.6679999999999999,0.017246376811594202,0.0,0.0,0.0,0.008082766887395145,0.052069883656117213,0.021779765299439178,0.007936507936507936,0.013843257362931242,0.013843257362931242,0.07137342066526517,0.0,0.007936507936507936,Choquistic 2-additive,balanced,0.099900369721308,1.4433516999706626,1.5259727999800816,57.0,500,0.028,rolling_5y
1,Choquistic 2-additive [unweighted],uncalibrated,selection validation,0.0,0.582,0.013965936739659367,0.007936507936507936,1.0,0.015748031496062992,0.008959890523065133,0.06546965322986112,0.03894792668369433,0.007936507936507936,0.031011418747186395,0.031011418747186395,1.7186861645880736e-10,1.0,0.007936507936507936,Choquistic 2-additive,unweighted,0.07380931158168821,1.3985479999682866,1.2818086000042967,57.0,500,0.028,rolling_5y
1,Choquistic 2-additive [unweighted] [sigmoid],sigmoid,calibration,0.014122500026132911,0.582,0.013965936739659367,0.0,0.0,0.0,0.008026430823900753,0.05102436858835161,0.0197231426115815,0.007936507936507936,0.011786634675073564,0.011786634675073564,0.05631720987397326,0.0,0.007936507936507936,Choquistic 2-additive,unweighted,0.07380931158168821,1.3985479999682866,1.2818086000042967,57.0,500,0.028,rolling_5y
1,Choquistic model aggregator [balanced],uncalibrated,selection validation,0.0,0.632,0.01591117216117216,0.007936507936507936,1.0,0.015748031496062992,0.22167564198214149,0.6369203569640951,0.4547367300876147,0.007936507936507936,0.4468002221511068,0.4468002221511068,0.06501975655889995,1.0,0.007936507936507936,Choquistic model aggregator,balanced,0.0986169692318669,0.008945600013248622,0.0,15.0,500,0.028,rolling_5y
1,Choquistic model aggregator [balanced] [sigmoid],sigmoid,calibration,0.007482600049115717,0.632,0.01591117216117216,0.0,0.0,0.0,0.007902343110925539,0.046852316536416826,0.00650569123602909,0.007936507936507936,-0.0014308167004788465,0.0014308167004788465,0.10768242379980816,0.0,0.007936507936507936,Choquistic model aggregator,balanced,0.0986169692318669,0.008945600013248622,0.0,15.0,500,0.028,rolling_5y
1,Choquistic model aggregator [unweighted],uncalibrated,selection validation,0.0,0.6340000000000001,0.015716374269005847,0.007936507936507936,1.0,0.015748031496062992,0.01052735204017163,0.08319516724993034,0.05945080278674027,0.007936507936507936,0.05151429485023233,0.05151429485023233,0.05015199002576264,1.0,0.007936507936507936,Choquistic model aggregator,unweighted,0.11090427739354293,0.01640449999831617,0.0,15.0,500,0.028,rolling_5y
1,Choquistic model aggregator [unweighted] [sigmoid],sigmoid,calibration,0.008769400010351092,0.6340000000000001,0.015716374269005847,0.0,0.0,0.0,0.008040791422244252,0.0516175872835173,0.020874862817813387,0.007936507936507936,0.012938354881305451,0.012938354881305451,0.04289846535630361,0.0,0.007936507936507936,Choquistic model aggregator,unweighted,0.11090427739354293,0.01640449999831617,0.0,15.0,500,0.028,rolling_5y
1,Gradient boosting [balanced],uncalibrated,selection validation,0.0,0.924,0.07417582417582418,0.00816326530612245,1.0,0.016194331983805668,0.00818742605174033,0.0394595072415217,0.006125774525129226,0.007936507936507936,-0.0018107334113787099,0.0018107334113787099,2.1906879572882732e-05,0.9722222222222222,0.007936507936507936,Gradient boosting,balanced,0.1453284473689617,0.5495978000108153,0.0927254999987781,,500,0.028,rolling_5y
1,Gradient boosting [balanced] [sigmoid],sigmoid,calibration,0.017578599974513054,0.924,0.07417582417582418,0.05,0.5,0.09090909090909091,0.008235775943427793,0.055778648327042206,0.028061349637264345,0.007936507936507936,0.02012484170075641,0.02012484170075641,0.03088190082619137,0.07936507936507936,0.007936507936507936,Gradient boosting,balanced,0.1453284473689617,0.5495978000108153,0.0927254999987781,,500,0.028,rolling_5y
1,Gradient boosting [unweighted],uncalibrated,selection validation,0.0,0.92,0.06926406926406926,0.00909090909090909,1.0,0.018018018018018018,0.007961398474346116,0.04527365031239497,0.001757208889295253,0.007936507936507936,-0.006179299047212683,0.006179299047212683,2.1135727607196648e-05,0.873015873015873,0.007936507936507936,Gradient boosting,unweighted,0.11834104278542368,0.4830194999813102,0.09831580001628026,,500,0.028,rolling_5y
1,Gradient boosting [unweighted] [sigmoid],sigmoid,calibration,0.01886809995630756,0.07999999999999996,0.006474846992088371,0.008032128514056224,1.0,0.01593625498007968,0.008329364514581229,0.057508369359534364,0.028761487008329957,0.007936507936507936,0.02082497907182202,0.02082497907182202,0.026642827388089818,0.9880952380952381,0.007936507936507936,Gradient boosting,unweighted,0.11834104278542368,0.4830194999813102,0.09831580001628026,,500,0.028,rolling_5y
1,Logistic [balanced],uncalibrated,selection validation,0.0,0.5,0.0118125,0.007936507936507936,1.0,0.015748031496062992,0.7656684802251974,2.233553666415779,0.8753494495750033,0.007936507936507936,0.8674129416384954,0.8674129416384954,6.114128603470789e-161,1.0,0.007936507936507936,Logistic,balanced,0.052782810175682454,0.007443299982696772,0.005941100011114031,11.0,500,0.028,rolling_5y
1,Logistic [balanced] [sigmoid],sigmoid,calibration,0.009669300052337348,0.5,0.0118125,0.0,0.0,0.0,0.00866485894962002,0.06109734507110759,0.03393971191613586,0.007936507936507936,0.026003203979627923,0.026003203979627923,0.05704952580815824,0.031746031746031744,0.007936507936507936,Logistic,balanced,0.052782810175682454,0.007443299982696772,0.005941100011114031,11.0,500,0.028,rolling_5y
1,Logistic [unweighted],uncalibrated,selection validation,0.0,0.47,0.010896020829795666,0.007936507936507936,1.0,0.015748031496062992,0.04443411285017026,0.21627449714627708,0.17990808120684856,0.007936507936507936,0.17197157327034063,0.17197157327034063,9.973681575280238e-106,1.0,0.007936507936507936,Logistic,unweighted,0.052054737802401836,0.006849700002931058,0.005370800034143031,11.0,500,0.028,rolling_5y
1,Logistic [unweighted] [sigmoid],sigmoid,calibration,0.009718400018755347,0.47,0.010896020829795666,0.0,0.0,0.0,0.008297390152771074,0.05656055322222093,0.02799885304545292,0.007936507936507936,0.020062345108944984,0.020062345108944984,0.028775405896627266,0.45634920634920634,0.007936507936507936,Logistic,unweighted,0.052054737802401836,0.006849700002931058,0.005370800034143031,11.0,500,0.028,rolling_5y
1,Logistic oriented [balanced],uncalibrated,selection validation,0.0,0.5,0.0118125,0.007936507936507936,1.0,0.015748031496062992,0.7656684802251974,2.233553666415779,0.8753494495750033,0.007936507936507936,0.8674129416384954,0.8674129416384954,6.114128603470789e-161,1.0,0.007936507936507936,Logistic oriented,balanced,0.052782810175682454,0.009100599971134216,0.0067051000078208745,11.0,500,0.028,rolling_5y
1,Logistic oriented [balanced] [sigmoid],sigmoid,calibration,0.011971800005994737,0.5,0.0118125,0.0,0.0,0.0,0.00866485894962002,0.06109734507110759,0.03393971191613586,0.007936507936507936,0.026003203979627923,0.026003203979627923,0.05704952580815824,0.031746031746031744,0.007936507936507936,Logistic oriented,balanced,0.052782810175682454,0.009100599971134216,0.0067051000078208745,11.0,500,0.028,rolling_5y
1,Logistic oriented [unweighted],uncalibrated,selection validation,0.0,0.47,0.010896020829795666,0.007936507936507936,1.0,0.015748031496062992,0.04443411285017026,0.21627449714627708,0.17990808120684856,0.007936507936507936,0.17197157327034063,0.17197157327034063,9.973681575280238e-106,1.0,0.007936507936507936,Logistic oriented,unweighted,0.052054737802401836,0.008471199951600283,0.006591200013644993,11.0,500,0.028,rolling_5y
1,Logistic oriented [unweighted] [sigmoid],sigmoid,calibration,0.011877100041601807,0.47,0.010896020829795666,0.0,0.0,0.0,0.008297390152771074,0.05656055322222093,0.02799885304545292,0.007936507936507936,0.020062345108944984,0.020062345108944984,0.028775405896627266,0.45634920634920634,0.007936507936507936,Logistic oriented,unweighted,0.052054737802401836,0.008471199951600283,0.006591200013644993,11.0,500,0.028,rolling_5y
1,Penalized logistic [balanced],uncalibrated,selection validation,0.0,0.632,0.01591117216117216,0.007936507936507936,1.0,0.015748031496062992,0.22747230025447351,0.6481141029449663,0.4690034738273173,0.007936507936507936,0.4610669658908093,0.4610669658908093,0.05569429528619318,1.0,0.007936507936507936,Penalized logistic,balanced,0.0986169692318669,0.028936800023075193,0.004396800009999424,11.0,500,0.028,rolling_5y
1,Penalized logistic [balanced] [sigmoid],sigmoid,calibration,0.010482600016985089,0.632,0.01591117216117216,0.0,0.0,0.0,0.007912199942427044,0.04761287315016754,0.013829228814030071,0.007936507936507936,0.005892720877522135,0.005892720877522135,0.06774267268556845,0.0,0.007936507936507936,Penalized logistic,balanced,0.0986169692318669,0.028936800023075193,0.004396800009999424,11.0,500,0.028,rolling_5y
1,Penalized logistic [unweighted],uncalibrated,selection validation,0.0,0.6340000000000001,0.015716374269005847,0.007936507936507936,1.0,0.015748031496062992,0.008815115484578473,0.06429047393057068,0.037992048473432384,0.007936507936507936,0.030055540536924448,0.030055540536924448,0.00891539941514548,1.0,0.007936507936507936,Penalized logistic,unweighted,0.11090427739354293,0.024905300000682473,0.004146500024944544,11.0,500,0.028,rolling_5y
1,Penalized logistic [unweighted] [sigmoid],sigmoid,calibration,0.010306200012564659,0.6340000000000001,0.015716374269005847,0.0,0.0,0.0,0.007911691416962399,0.047710093357487444,0.013888069508072774,0.007936507936507936,0.005951561571564838,0.005951561571564838,0.06195276461665123,0.0,0.007936507936507936,Penalized logistic,unweighted,0.11090427739354293,0.024905300000682473,0.004146500024944544,11.0,500,0.028,rolling_5y
1,Rolling prior probability,uncalibrated,selection validation,0.0,0.5,0.007936507936507936,0.007936507936507936,1.0,0.015748031496062992,0.009011243386243388,0.06744448914839232,0.04166666666666666,0.007936507936507936,0.03373015873015872,0.03373015873015872,0.01,1.0,0.007936507936507936,Rolling prior probability,not applicable,0.07258064516129033,0.003833299968391657,0.0020803000079467893,,500,0.028,rolling_5y
1,Rolling prior probability [sigmoid],sigmoid,calibration,0.009598099975846708,0.5,0.007936507936507936,0.007936507936507936,1.0,0.015748031496062992,0.008285824797211464,0.05673004997847981,0.028241803278604805,0.007936507936507936,0.02030529534209687,0.02030529534209687,0.01,1.0,0.007936507936507936,Rolling prior probability,not applicable,0.07258064516129033,0.003833299968391657,0.0020803000079467893,,500,0.028,rolling_5y
2,Choquistic 1-additive [balanced],uncalibrated,selection validation,0.0,0.697141560798548,0.12644967722104153,0.10975609756097561,0.9473684210526315,0.19672131147540983,0.31656621461186446,0.8502766632332261,0.5466701099649613,0.07569721115537849,0.4709728988095829,0.4709728988095829,0.46419357394198363,0.6533864541832669,0.07569721115537849,Choquistic 1-additive,balanced,0.08659804119719244,0.31497740000486374,0.29145070002414286,12.0,500,0.03,rolling_5y
2,Choquistic 1-additive [balanced] [sigmoid],sigmoid,calibration,0.012232400011271238,0.697141560798548,0.12644967722104153,0.0821917808219178,0.9473684210526315,0.15126050420168066,0.06960664899396486,0.2629274564516936,0.046011792475058676,0.07569721115537849,-0.029685418680319813,0.029685418680319813,0.023806154599756584,0.8725099601593626,0.07569721115537849,Choquistic 1-additive,balanced,0.08659804119719244,0.31497740000486374,0.29145070002414286,12.0,500,0.03,rolling_5y
2,Choquistic 1-additive [unweighted],uncalibrated,selection validation,0.0,0.6277223230490018,0.10488469080824446,0.10179640718562874,0.8947368421052632,0.1827956989247312,0.07058383791417044,0.2687707594791427,0.05799407695555462,0.07569721115537849,-0.017703134199823868,0.017703134199823868,0.032583353452191086,0.6653386454183267,0.07569721115537849,Choquistic 1-additive,unweighted,0.08780592865142056,0.3181173999910243,0.40676929999608546,12.0,500,0.03,rolling_5y
2,Choquistic 1-additive [unweighted] [sigmoid],sigmoid,calibration,0.013679100025910884,0.6277223230490018,0.10488469080824446,0.08928571428571429,0.2631578947368421,0.13333333333333333,0.07132447990907133,0.2824641860818247,0.03597845240347229,0.07569721115537849,-0.0397187587519062,0.0397187587519062,0.03937543629348115,0.22310756972111553,0.07569721115537849,Choquistic 1-additive,unweighted,0.08780592865142056,0.3181173999910243,0.40676929999608546,12.0,500,0.03,rolling_5y
2,Choquistic 2-additive [balanced],uncalibrated,selection validation,0.0,0.6885208711433757,0.14171491576334147,0.07569721115537849,1.0,0.14074074074074075,0.33198759643739095,0.919142264808677,0.5454012460681505,0.07569721115537849,0.4697040349127721,0.4697040349127721,0.03179132354569212,1.0,0.07569721115537849,Choquistic 2-additive,balanced,0.12200443573879427,1.1896145000355318,1.0432543000206351,57.0,500,0.03,rolling_5y
2,Choquistic 2-additive [balanced] [sigmoid],sigmoid,calibration,0.0136280000442639,0.6885208711433757,0.14171491576334147,0.1346153846153846,0.3684210526315789,0.19718309859154928,0.07082869324219476,0.27661070686480477,0.03504379082595814,0.07569721115537849,-0.04065342032942035,0.04065342032942035,0.044107320772612375,0.20717131474103587,0.07569721115537849,Choquistic 2-additive,balanced,0.12200443573879427,1.1896145000355318,1.0432543000206351,57.0,500,0.03,rolling_5y
2,Choquistic 2-additive [unweighted],uncalibrated,selection validation,0.0,0.6667422867513613,0.13356596543930757,0.07569721115537849,1.0,0.14074074074074075,0.0696794671141495,0.26335518092416127,0.06936395541894241,0.07569721115537849,-0.006333255736436075,0.006333255736436075,0.0016603277494564857,1.0,0.07569721115537849,Choquistic 2-additive,unweighted,0.045813902296668006,1.6382538999896497,1.6261457999935374,57.0,500,0.03,rolling_5y
2,Choquistic 2-additive [unweighted] [sigmoid],sigmoid,calibration,0.01522050000494346,0.6667422867513613,0.13356596543930757,0.12121212121212122,0.21052631578947367,0.15384615384615385,0.07004700129779691,0.27035031235718104,0.0414585747393805,0.07569721115537849,-0.03423863641599799,0.03423863641599799,0.06546867180437424,0.13147410358565736,0.07569721115537849,Choquistic 2-additive,unweighted,0.045813902296668006,1.6382538999896497,1.6261457999935374,57.0,500,0.03,rolling_5y
2,Choquistic model aggregator [balanced],uncalibrated,selection validation,0.0,0.35719147005444646,0.060943595121535875,0.0,0.0,0.0,0.0702548686779459,0.2705290063560665,0.058734743785641925,0.07569721115537849,-0.016962467369736563,0.016962467369736563,0.0587684016212988,0.0,0.07569721115537849,Choquistic model aggregator,balanced,0.03923087636224365,0.009293699986301363,0.0,15.0,500,0.03,rolling_5y
2,Choquistic model aggregator [balanced] [sigmoid],sigmoid,calibration,0.00796950003132224,0.5,0.07569721115537849,0.07569721115537849,1.0,0.14074074074074075,0.07203467615647034,0.2932357708590346,0.030227080544242134,0.07569721115537849,-0.045470130611136354,0.045470130611136354,0.009999999999999998,1.0,0.07569721115537849,Choquistic model aggregator,balanced,0.03923087636224365,0.009293699986301363,0.0,15.0,500,0.03,rolling_5y
2,Choquistic model aggregator [unweighted],uncalibrated,selection validation,0.0,0.32486388384754994,0.054564206872907126,0.07569721115537849,1.0,0.14074074074074075,0.11341816979234548,0.3822503642595847,0.1417426116261811,0.07569721115537849,0.06604540047080261,0.06604540047080261,0.04744682902642752,1.0,0.07569721115537849,Choquistic model aggregator,unweighted,0.035227943396156015,0.008949999988544732,0.0,15.0,500,0.03,rolling_5y
2,Choquistic model aggregator [unweighted] [sigmoid],sigmoid,calibration,0.008773400040809065,0.32486388384754994,0.054564206872907126,0.07569721115537849,1.0,0.14074074074074075,0.10069530586888888,0.36486691252337083,0.1035181439599543,0.07569721115537849,0.027820932804575815,0.027820932804575815,0.02969834872604727,1.0,0.07569721115537849,Choquistic model aggregator,unweighted,0.035227943396156015,0.008949999988544732,0.0,15.0,500,0.03,rolling_5y
2,Gradient boosting [balanced],uncalibrated,selection validation,0.0,0.7388838475499092,0.33174079450094995,0.084070796460177,1.0,0.15510204081632653,0.07236634842810502,0.45680703466147865,0.003365437201509221,0.07569721115537849,-0.07233177395386926,0.07233177395386926,3.29024179393164e-05,0.900398406374502,0.07569721115537849,Gradient boosting,balanced,0.0318643045795937,0.6240678000031039,0.10094019997632131,,500,0.03,rolling_5y
2,Gradient boosting [balanced] [sigmoid],sigmoid,calibration,0.019588699971791357,0.7388838475499092,0.33174079450094995,0.1323529411764706,0.47368421052631576,0.20689655172413793,0.07076303689904845,0.2761396016492246,0.032370924315207,0.07569721115537849,-0.043326286840171487,0.043326286840171487,0.036134411322467544,0.27091633466135456,0.07569721115537849,Gradient boosting,balanced,0.0318643045795937,0.6240678000031039,0.10094019997632131,,500,0.03,rolling_5y
2,Gradient boosting [unweighted],uncalibrated,selection validation,0.0,0.7887931034482759,0.24530306357330595,0.07569721115537849,1.0,0.14074074074074075,0.07422500844505911,0.4103588233274918,0.0034760330905544926,0.07569721115537849,-0.07222117806482399,0.07222117806482399,1.727502954549796e-05,1.0,0.07569721115537849,Gradient boosting,unweighted,0.042248651230603174,0.5761931000160985,0.09296189999440685,,500,0.03,rolling_5y
2,Gradient boosting [unweighted] [sigmoid],sigmoid,calibration,0.015452400024514645,0.21120689655172414,0.04736843777217616,0.0,0.0,0.0,0.07256602453309853,0.30309097914549815,0.02950659431345151,0.07569721115537849,-0.046190616841926976,0.046190616841926976,0.034235989266559776,0.04780876494023904,0.07569721115537849,Gradient boosting,unweighted,0.042248651230603174,0.5761931000160985,0.09296189999440685,,500,0.03,rolling_5y
2,Logistic [balanced],uncalibrated,selection validation,0.0,0.31805807622504534,0.054049977303813904,0.07569721115537849,1.0,0.14074074074074075,0.5786630321876962,1.83308498946075,0.7529008922159398,0.07569721115537849,0.6772036810605613,0.6772036810605613,0.004675450765315023,1.0,0.07569721115537849,Logistic,balanced,0.03851648192829699,0.008265500015113503,0.006623100023716688,11.0,500,0.03,rolling_5y
2,Logistic [balanced] [sigmoid],sigmoid,calibration,0.010207399958744645,0.31805807622504534,0.054049977303813904,0.07569721115537849,1.0,0.14074074074074075,0.3746037309732243,1.1124125257733974,0.5576196075850505,0.07569721115537849,0.481922396429672,0.481922396429672,0.0865550511090425,1.0,0.07569721115537849,Logistic,balanced,0.03851648192829699,0.008265500015113503,0.006623100023716688,11.0,500,0.03,rolling_5y
2,Logistic [unweighted],uncalibrated,selection validation,0.0,0.3042196007259528,0.053033212521788636,0.07569721115537849,1.0,0.14074074074074075,0.15368802061022718,0.5021978369226097,0.1948623880112892,0.07569721115537849,0.1191651768559107,0.1191651768559107,6.104234934956355e-05,1.0,0.07569721115537849,Logistic,unweighted,0.03843081072295674,0.007646599959116429,0.006076899997424334,11.0,500,0.03,rolling_5y
2,Logistic [unweighted] [sigmoid],sigmoid,calibration,0.010334499995224178,0.3042196007259528,0.053033212521788636,0.07569721115537849,1.0,0.14074074074074075,0.26811275609951307,0.7819234737062002,0.44113618024931267,0.07569721115537849,0.3654389690939342,0.3654389690939342,0.049788174858553455,1.0,0.07569721115537849,Logistic,unweighted,0.03843081072295674,0.007646599959116429,0.006076899997424334,11.0,500,0.03,rolling_5y
2,Logistic oriented [balanced],uncalibrated,selection validation,0.0,0.31805807622504534,0.054049977303813904,0.07569721115537849,1.0,0.14074074074074075,0.5786630321876962,1.83308498946075,0.7529008922159398,0.07569721115537849,0.6772036810605613,0.6772036810605613,0.004675450765315023,1.0,0.07569721115537849,Logistic oriented,balanced,0.03851648192829699,0.009121999959461391,0.007374899985734373,11.0,500,0.03,rolling_5y
2,Logistic oriented [balanced] [sigmoid],sigmoid,calibration,0.012097999977413565,0.31805807622504534,0.054049977303813904,0.07569721115537849,1.0,0.14074074074074075,0.3746037309732243,1.1124125257733974,0.5576196075850505,0.07569721115537849,0.481922396429672,0.481922396429672,0.0865550511090425,1.0,0.07569721115537849,Logistic oriented,balanced,0.03851648192829699,0.009121999959461391,0.007374899985734373,11.0,500,0.03,rolling_5y
2,Logistic oriented [unweighted],uncalibrated,selection validation,0.0,0.3042196007259528,0.053033212521788636,0.07569721115537849,1.0,0.14074074074074075,0.15368802061022718,0.5021978369226097,0.1948623880112892,0.07569721115537849,0.1191651768559107,0.1191651768559107,6.104234934956355e-05,1.0,0.07569721115537849,Logistic oriented,unweighted,0.03843081072295674,0.009434099949430674,0.007400300004519522,11.0,500,0.03,rolling_5y
2,Logistic oriented [unweighted] [sigmoid],sigmoid,calibration,0.012528400053270161,0.3042196007259528,0.053033212521788636,0.07569721115537849,1.0,0.14074074074074075,0.26811275609951307,0.7819234737062002,0.44113618024931267,0.07569721115537849,0.3654389690939342,0.3654389690939342,0.049788174858553455,1.0,0.07569721115537849,Logistic oriented,unweighted,0.03843081072295674,0.009434099949430674,0.007400300004519522,11.0,500,0.03,rolling_5y
2,Penalized logistic [balanced],uncalibrated,selection validation,0.0,0.32395644283121594,0.054477312943215075,0.07569721115537849,1.0,0.14074074074074075,0.5734591709694966,1.8008681809219715,0.7500361576855861,0.07569721115537849,0.6743389465302075,0.6743389465302075,0.005947383033317684,1.0,0.07569721115537849,Penalized logistic,balanced,0.03833796704069248,0.026675300032366067,0.006461100012529641,11.0,500,0.03,rolling_5y
2,Penalized logistic [balanced] [sigmoid],sigmoid,calibration,0.010217700037173927,0.32395644283121594,0.054477312943215075,0.07569721115537849,1.0,0.14074074074074075,0.37374434976260545,1.1087072362226777,0.5573146327368964,0.07569721115537849,0.48161742158151793,0.48161742158151793,0.0860484481800579,1.0,0.07569721115537849,Penalized logistic,balanced,0.03833796704069248,0.026675300032366067,0.006461100012529641,11.0,500,0.03,rolling_5y
2,Penalized logistic [unweighted],uncalibrated,selection validation,0.0,0.3198729582577132,0.0541769356608142,0.07569721115537849,1.0,0.14074074074074075,0.13907280118468368,0.4580151614069517,0.17831369351213827,0.07569721115537849,0.10261648235675978,0.10261648235675978,2.2902437223949416e-09,1.0,0.07569721115537849,Penalized logistic,unweighted,0.036442079179130046,0.025002699985634536,0.005462299974169582,11.0,500,0.03,rolling_5y
2,Penalized logistic [unweighted] [sigmoid],sigmoid,calibration,0.01050159998703748,0.3198729582577132,0.0541769356608142,0.07569721115537849,1.0,0.14074074074074075,0.22693995021925364,0.6664842181977385,0.3906698843463847,0.07569721115537849,0.31497267319100625,0.31497267319100625,0.042321562726756905,1.0,0.07569721115537849,Penalized logistic,unweighted,0.036442079179130046,0.025002699985634536,0.005462299974169582,11.0,500,0.03,rolling_5y
2,Rolling prior probability,uncalibrated,selection validation,0.0,0.5,0.07569721115537849,0.07569721115537849,1.0,0.14074074074074075,0.07141592031688254,0.28373153511915294,0.03763440860215053,0.07569721115537849,-0.038062802553227956,0.038062802553227956,0.009999999999999998,1.0,0.07569721115537849,Rolling prior probability,not applicable,0.03753351206434316,0.0037536000018008053,0.0019326000474393368,,500,0.03,rolling_5y
2,Rolling prior probability [sigmoid],sigmoid,calibration,0.009236700017936528,0.5,0.07569721115537849,0.07569721115537849,1.0,0.14074074074074075,0.07203467615456258,0.29323577082649377,0.030227080565220284,0.07569721115537849,-0.045470130590158205,0.045470130590158205,0.009999999999999998,1.0,0.07569721115537849,Rolling prior probability,not applicable,0.03753351206434316,0.0037536000018008053,0.0019326000474393368,,500,0.03,rolling_5y
3,Choquistic 1-additive [balanced],uncalibrated,selection validation,0.0,,,0.0,0.0,0.0,0.21569535784024657,0.6234783302662279,0.4600984056652157,0.0,0.4600984056652157,0.4600984056652157,0.2576432049778559,1.0,0.0,Choquistic 1-additive,balanced,0.03633871954205639,0.29770459997234866,0.33688610000535846,12.0,498,0.04216867469879518,rolling_5y
3,Choquistic 1-additive [balanced] [sigmoid],sigmoid,calibration,0.012154600000940263,,,0.0,0.0,0.0,0.0016625119173206326,0.041477911672311026,0.04062306923209521,0.0,0.04062306923209521,0.04062306923209521,0.045952039886454424,0.08,0.0,Choquistic 1-additive,balanced,0.03633871954205639,0.29770459997234866,0.33688610000535846,12.0,498,0.04216867469879518,rolling_5y
3,Choquistic 1-additive [unweighted],uncalibrated,selection validation,0.0,,,0.0,0.0,0.0,0.002079489113736721,0.04570283224558396,0.04462801450028074,0.0,0.04462801450028074,0.04462801450028074,0.028476074205440297,0.984,0.0,Choquistic 1-additive,unweighted,0.03027136674817405,0.2501535000046715,0.291467199975159,12.0,498,0.04216867469879518,rolling_5y
3,Choquistic 1-additive [unweighted] [sigmoid],sigmoid,calibration,0.013905599946156144,,,0.0,0.0,0.0,0.001680323854134775,0.04173804168810992,0.04087397241436544,0.0,0.04087397241436544,0.04087397241436544,0.04485439831824645,0.104,0.0,Choquistic 1-additive,unweighted,0.03027136674817405,0.2501535000046715,0.291467199975159,12.0,498,0.04216867469879518,rolling_5y
3,Choquistic 2-additive [balanced],uncalibrated,selection validation,0.0,,,0.0,0.0,0.0,0.1945227171027923,0.5804798497472139,0.43761747440456245,0.0,0.43761747440456245,0.43761747440456245,0.9002284122034182,0.0,0.0,Choquistic 2-additive,balanced,0.05020983031206437,1.105898299952969,1.6461345999850892,57.0,498,0.04216867469879518,rolling_5y
3,Choquistic 2-additive [balanced] [sigmoid],sigmoid,calibration,0.01336839998839423,,,0.0,0.0,0.0,0.001596421563267843,0.040641691694133515,0.0398213255234285,0.0,0.0398213255234285,0.0398213255234285,0.04709343763053199,0.02,0.0,Choquistic 2-additive,balanced,0.05020983031206437,1.105898299952969,1.6461345999850892,57.0,498,0.04216867469879518,rolling_5y
3,Choquistic 2-additive [unweighted],uncalibrated,selection validation,0.0,,,0.0,0.0,0.0,0.001796505051042634,0.0425580159914491,0.041631992524630075,0.0,0.041631992524630075,0.041631992524630075,0.2739803895504091,0.0,0.0,Choquistic 2-additive,unweighted,0.050977695751912126,1.4218924000160769,1.4123754000174813,57.0,498,0.04216867469879518,rolling_5y
3,Choquistic 2-additive [unweighted] [sigmoid],sigmoid,calibration,0.01431529998080805,,,0.0,0.0,0.0,0.0015484883777976991,0.03989780485964717,0.03910220154259458,0.0,0.03910220154259458,0.03910220154259458,0.049492420999640616,0.016,0.0,Choquistic 2-additive,unweighted,0.050977695751912126,1.4218924000160769,1.4123754000174813,57.0,498,0.04216867469879518,rolling_5y
3,Choquistic model aggregator [balanced],uncalibrated,selection validation,0.0,,,0.0,0.0,0.0,0.882063640971126,2.812721834858786,0.939122087994884,0.0,0.939122087994884,0.939122087994884,0.14260298069313024,1.0,0.0,Choquistic model aggregator,balanced,0.15211610714874158,0.006862000038381666,0.0,15.0,498,0.04216867469879518,rolling_5y
3,Choquistic model aggregator [balanced] [sigmoid],sigmoid,calibration,0.007752200006507337,,,0.0,0.0,0.0,0.006275759271413419,0.08245564648265938,0.07914096543867513,0.0,0.07914096543867513,0.07914096543867513,0.03719221958325348,1.0,0.0,Choquistic model aggregator,balanced,0.15211610714874158,0.006862000038381666,0.0,15.0,498,0.04216867469879518,rolling_5y
3,Choquistic model aggregator [unweighted],uncalibrated,selection validation,0.0,,,0.0,0.0,0.0,0.580691603208691,1.4400030574026195,0.7614351594781099,0.0,0.7614351594781099,0.7614351594781099,0.05167990441383415,1.0,0.0,Choquistic model aggregator,unweighted,0.07377427382101334,0.011236099991947412,0.0,15.0,498,0.04216867469879518,rolling_5y
3,Choquistic model aggregator [unweighted] [sigmoid],sigmoid,calibration,0.008330599986948073,,,0.0,0.0,0.0,0.001428661555257627,0.038529806386591404,0.03779694832182446,0.0,0.03779694832182446,0.03779694832182446,0.041586484540711184,0.0,0.0,Choquistic model aggregator,unweighted,0.07377427382101334,0.011236099991947412,0.0,15.0,498,0.04216867469879518,rolling_5y
3,Gradient boosting [balanced],uncalibrated,selection validation,0.0,,,0.0,0.0,0.0,0.05630964890000533,0.20626785855169175,0.16410931016011507,0.0,0.16410931016011507,0.16410931016011507,0.00991993345625618,0.904,0.0,Gradient boosting,balanced,0.04499548001750381,0.6351951999822631,0.1273317000013776,,498,0.04216867469879518,rolling_5y
3,Gradient boosting [balanced] [sigmoid],sigmoid,calibration,0.017475100001320243,,,0.0,0.0,0.0,0.006187921478042949,0.07344092537791018,0.07011290460527644,0.0,0.07011290460527644,0.07011290460527644,0.07237498811247786,0.432,0.0,Gradient boosting,balanced,0.04499548001750381,0.6351951999822631,0.1273317000013776,,498,0.04216867469879518,rolling_5y
3,Gradient boosting [unweighted],uncalibrated,selection validation,0.0,,,0.0,0.0,0.0,0.011586208777614284,0.07181419767643495,0.06441152273266051,0.0,0.06441152273266051,0.06441152273266051,0.008416867561584357,0.764,0.0,Gradient boosting,unweighted,0.05112917913219786,0.6322898999787867,0.1029778000083752,,498,0.04216867469879518,rolling_5y
3,Gradient boosting [unweighted] [sigmoid],sigmoid,calibration,0.019993499969132245,,,0.0,0.0,0.0,0.0038468312233591777,0.05818838783174025,0.0561538756102217,0.0,0.0561538756102217,0.0561538756102217,0.0631610063111133,0.344,0.0,Gradient boosting,unweighted,0.05112917913219786,0.6322898999787867,0.1029778000083752,,498,0.04216867469879518,rolling_5y
3,Logistic [balanced],uncalibrated,selection validation,0.0,,,0.0,0.0,0.0,0.9989256847409367,9.27669024216021,0.9994619709895622,0.0,0.9994619709895622,0.9994619709895622,0.01706988545409628,1.0,0.0,Logistic,balanced,0.05892158487434093,0.007998400018550456,0.007534499978646636,11.0,498,0.04216867469879518,rolling_5y
3,Logistic [balanced] [sigmoid],sigmoid,calibration,0.009992200008127838,,,0.0,0.0,0.0,0.005641660319541579,0.07755829011337666,0.07458425933103449,0.0,0.07458425933103449,0.07458425933103449,0.03908319417938587,1.0,0.0,Logistic,balanced,0.05892158487434093,0.007998400018550456,0.007534499978646636,11.0,498,0.04216867469879518,rolling_5y
3,Logistic [unweighted],uncalibrated,selection validation,0.0,,,0.0,0.0,0.0,0.9813430267171019,6.6823727251057115,0.9902669150138331,0.0,0.9902669150138331,0.9902669150138331,0.005324451459773768,1.0,0.0,Logistic,unweighted,0.06420662522089338,0.008303100010380149,0.0065098999766632915,11.0,498,0.04216867469879518,rolling_5y
3,Logistic [unweighted] [sigmoid],sigmoid,calibration,0.010549500002525747,,,0.0,0.0,0.0,0.0049960150894005845,0.07291506907838267,0.07029046456675044,0.0,0.07029046456675044,0.07029046456675044,0.038665018610789956,1.0,0.0,Logistic,unweighted,0.06420662522089338,0.008303100010380149,0.0065098999766632915,11.0,498,0.04216867469879518,rolling_5y
3,Logistic oriented [balanced],uncalibrated,selection validation,0.0,,,0.0,0.0,0.0,0.9989256847409367,9.27669024216021,0.9994619709895622,0.0,0.9994619709895622,0.9994619709895622,0.01706988545409628,1.0,0.0,Logistic oriented,balanced,0.05892158487434093,0.009539199993014336,0.00855620001675561,11.0,498,0.04216867469879518,rolling_5y
3,Logistic oriented [balanced] [sigmoid],sigmoid,calibration,0.012154800002463162,,,0.0,0.0,0.0,0.005641660319541579,0.07755829011337666,0.07458425933103449,0.0,0.07458425933103449,0.07458425933103449,0.03908319417938587,1.0,0.0,Logistic oriented,balanced,0.05892158487434093,0.009539199993014336,0.00855620001675561,11.0,498,0.04216867469879518,rolling_5y
3,Logistic oriented [unweighted],uncalibrated,selection validation,0.0,,,0.0,0.0,0.0,0.9813430267171019,6.6823727251057115,0.9902669150138331,0.0,0.9902669150138331,0.9902669150138331,0.005324451459773768,1.0,0.0,Logistic oriented,unweighted,0.06420662522089338,0.009307799977250397,0.008343600027728826,11.0,498,0.04216867469879518,rolling_5y
3,Logistic oriented [unweighted] [sigmoid],sigmoid,calibration,0.011549999995622784,,,0.0,0.0,0.0,0.0049960150894005845,0.07291506907838267,0.07029046456675044,0.0,0.07029046456675044,0.07029046456675044,0.038665018610789956,1.0,0.0,Logistic oriented,unweighted,0.06420662522089338,0.009307799977250397,0.008343600027728826,11.0,498,0.04216867469879518,rolling_5y
3,Penalized logistic [balanced],uncalibrated,selection validation,0.0,,,0.0,0.0,0.0,0.9191934801837787,3.427354891297189,0.9583078650380926,0.0,0.9583078650380926,0.9583078650380926,0.2010272220854444,1.0,0.0,Penalized logistic,balanced,0.15211610714874158,0.026549500005785376,0.005303300044033676,11.0,498,0.04216867469879518,rolling_5y
3,Penalized logistic [balanced] [sigmoid],sigmoid,calibration,0.010427700006403029,,,0.0,0.0,0.0,0.0075427324487729736,0.08974329943516766,0.08572823654242867,0.0,0.08572823654242867,0.08572823654242867,0.03942450649202851,1.0,0.0,Penalized logistic,balanced,0.15211610714874158,0.026549500005785376,0.005303300044033676,11.0,498,0.04216867469879518,rolling_5y
3,Penalized logistic [unweighted],uncalibrated,selection validation,0.0,,,0.0,0.0,0.0,0.03301376809885965,0.19521215839088704,0.17611240350931473,0.0,0.17611240350931473,0.17611240350931473,0.035511467948659954,1.0,0.0,Penalized logistic,unweighted,0.09382816516654421,0.025948200025595725,0.005283300008159131,11.0,498,0.04216867469879518,rolling_5y
3,Penalized logistic [unweighted] [sigmoid],sigmoid,calibration,0.012017999950330704,,,0.0,0.0,0.0,0.006729618575468019,0.08434327382179692,0.08077227971315282,0.0,0.08077227971315282,0.08077227971315282,0.04206570990718457,1.0,0.0,Penalized logistic,unweighted,0.09382816516654421,0.025948200025595725,0.005283300008159131,11.0,498,0.04216867469879518,rolling_5y
3,Rolling prior probability,uncalibrated,selection validation,0.0,,,0.0,0.0,0.0,0.002459947243205947,0.05087007367163339,0.049597855227882036,0.0,0.049597855227882036,0.049597855227882036,0.01,1.0,0.0,Rolling prior probability,not applicable,0.03723404255319149,0.0038511999882757664,0.00197639997350052,,498,0.04216867469879518,rolling_5y
3,Rolling prior probability [sigmoid],sigmoid,calibration,0.009490500029642135,,,0.0,0.0,0.0,0.0017922440159577114,0.043257147774124746,0.042334903046513654,0.0,0.042334903046513654,0.042334903046513654,0.01,1.0,0.0,Rolling prior probability,not applicable,0.03723404255319149,0.0038511999882757664,0.00197639997350052,,498,0.04216867469879518,rolling_5y
4,Choquistic 1-additive [balanced],uncalibrated,selection validation,0.0,0.5916666666666667,0.05926017995579935,0.05555555555555555,0.5,0.1,0.1567682327243187,0.5014952652795152,0.3787423954437198,0.047619047619047616,0.3311233478246722,0.3311233478246722,0.3845739145099437,0.42857142857142855,0.047619047619047616,Choquistic 1-additive,balanced,0.006983376395456539,0.3119323000428267,0.2842598000424914,12.0,496,0.038306451612903226,rolling_5y
4,Choquistic 1-additive [balanced] [sigmoid],sigmoid,calibration,0.012652500008698553,0.5916666666666667,0.05926017995579935,0.0,0.0,0.0,0.045584017082049504,0.19454521210425985,0.031074765136574006,0.047619047619047616,-0.01654428248247361,0.01654428248247361,0.03907728589861257,0.03571428571428571,0.047619047619047616,Choquistic 1-additive,balanced,0.006983376395456539,0.3119323000428267,0.2842598000424914,12.0,496,0.038306451612903226,rolling_5y
4,Choquistic 1-additive [unweighted],uncalibrated,selection validation,0.0,0.6118055555555555,0.061612777182674106,0.0,0.0,0.0,0.04653669843702633,0.21861825051103959,0.012988908442124992,0.047619047619047616,-0.03463013917692263,0.03463013917692263,0.028187081592549824,0.007936507936507936,0.047619047619047616,Choquistic 1-additive,unweighted,0.007145492559340794,0.3542625000118278,0.2768474000040442,12.0,496,0.038306451612903226,rolling_5y
4,Choquistic 1-additive [unweighted] [sigmoid],sigmoid,calibration,0.013589599984697998,0.6118055555555555,0.061612777182674106,0.0,0.0,0.0,0.04552961200489315,0.19377842984895963,0.03325150254419282,0.047619047619047616,-0.014367545074854798,0.014367545074854798,0.03634707796127357,0.0873015873015873,0.047619047619047616,Choquistic 1-additive,unweighted,0.007145492559340794,0.3542625000118278,0.2768474000040442,12.0,496,0.038306451612903226,rolling_5y
4,Choquistic 2-additive [balanced],uncalibrated,selection validation,0.0,0.6670138888888889,0.14400508134010903,0.14705882352941177,0.4166666666666667,0.21739130434782608,0.08145090584135939,0.3230810485739106,0.23896317022666014,0.047619047619047616,0.19134412260761252,0.19134412260761252,0.2949041161797381,0.1349206349206349,0.047619047619047616,Choquistic 2-additive,balanced,0.005620804050123422,1.1608495999826118,1.3827374000102282,57.0,496,0.038306451612903226,rolling_5y
4,Choquistic 2-additive [balanced] [sigmoid],sigmoid,calibration,0.013292800053022802,0.3329861111111111,0.0388383842478594,0.03260869565217391,0.25,0.057692307692307696,0.04548416650048613,0.19312412832598602,0.04135597059398052,0.047619047619047616,-0.006263077025067093,0.006263077025067093,0.04195023090832044,0.36507936507936506,0.047619047619047616,Choquistic 2-additive,balanced,0.005620804050123422,1.1608495999826118,1.3827374000102282,57.0,496,0.038306451612903226,rolling_5y
4,Choquistic 2-additive [unweighted],uncalibrated,selection validation,0.0,0.6430555555555556,0.09017551089351213,0.0,0.0,0.0,0.04661385776976877,0.2224451055532625,0.01088899879023669,0.047619047619047616,-0.036730048828810924,0.036730048828810924,0.020735902215795958,0.007936507936507936,0.047619047619047616,Choquistic 2-additive,unweighted,0.00632522964840038,1.3866816000081599,1.5017908999579959,57.0,496,0.038306451612903226,rolling_5y
4,Choquistic 2-additive [unweighted] [sigmoid],sigmoid,calibration,0.01430179999442771,0.6430555555555556,0.09017551089351213,0.0,0.0,0.0,0.04548007209873185,0.19308749163637595,0.03222830023408629,0.047619047619047616,-0.015390747384961323,0.015390747384961323,0.052916024659242715,0.0,0.047619047619047616,Choquistic 2-additive,unweighted,0.00632522964840038,1.3866816000081599,1.5017908999579959,57.0,496,0.038306451612903226,rolling_5y
4,Choquistic model aggregator [balanced],uncalibrated,selection validation,0.0,0.32222222222222224,0.04506820826441367,0.047619047619047616,1.0,0.09090909090909091,0.863932233216915,2.901733522655145,0.9523698059170206,0.047619047619047616,0.904750758297973,0.904750758297973,0.08891141214744111,1.0,0.047619047619047616,Choquistic model aggregator,balanced,0.014202540578687368,0.01242029998684302,0.0,15.0,496,0.038306451612903226,rolling_5y
4,Choquistic model aggregator [balanced] [sigmoid],sigmoid,calibration,0.00854730000719428,0.6777777777777777,0.08203941948188917,0.0,0.0,0.0,0.045445808236342894,0.192643126813231,0.037893916222844125,0.047619047619047616,-0.009725131396203492,0.009725131396203492,0.038447397420618465,0.0,0.047619047619047616,Choquistic model aggregator,balanced,0.014202540578687368,0.01242029998684302,0.0,15.0,496,0.038306451612903226,rolling_5y
4,Choquistic model aggregator [unweighted],uncalibrated,selection validation,0.0,0.3020833333333333,0.04602163462350856,0.047619047619047616,1.0,0.09090909090909091,0.5263144683146211,1.3124637321283232,0.7384510132875771,0.047619047619047616,0.6908319656685296,0.6908319656685296,0.04745350277992068,1.0,0.047619047619047616,Choquistic model aggregator,unweighted,0.006783480500367917,0.01391540002077818,0.0,15.0,496,0.038306451612903226,rolling_5y
4,Choquistic model aggregator [unweighted] [sigmoid],sigmoid,calibration,0.008228500024415553,0.6979166666666666,0.09574280792786802,0.0,0.0,0.0,0.046475980667237606,0.21698241199068333,0.013671312210831515,0.047619047619047616,-0.0339477354082161,0.0339477354082161,0.13159860360974623,0.0,0.047619047619047616,Choquistic model aggregator,unweighted,0.006783480500367917,0.01391540002077818,0.0,15.0,496,0.038306451612903226,rolling_5y
4,Gradient boosting [balanced],uncalibrated,selection validation,0.0,0.5342013888888889,0.054383645867569996,0.047619047619047616,1.0,0.09090909090909091,0.047125118076264474,0.25020561378637385,0.009057996473618778,0.047619047619047616,-0.038561051145428835,0.038561051145428835,2.5444837540067315e-05,1.0,0.047619047619047616,Gradient boosting,balanced,0.006425106425106426,0.6316074999631383,0.08957769995322451,,496,0.038306451612903226,rolling_5y
4,Gradient boosting [balanced] [sigmoid],sigmoid,calibration,0.020800600002985448,0.46579861111111115,0.048394279739695636,0.0,0.0,0.0,0.04546117032340166,0.19285491019439763,0.03714773727586126,0.047619047619047616,-0.010471310343186359,0.010471310343186359,0.04083678061988071,0.0,0.047619047619047616,Gradient boosting,balanced,0.006425106425106426,0.6316074999631383,0.08957769995322451,,496,0.038306451612903226,rolling_5y
4,Gradient boosting [unweighted],uncalibrated,selection validation,0.0,0.5036458333333333,0.06417406953375508,0.047619047619047616,1.0,0.09090909090909091,0.05722720993788392,0.27418270011300666,0.05478219878015992,0.047619047619047616,0.007163151161112304,0.007163151161112304,2.769489697732204e-05,1.0,0.047619047619047616,Gradient boosting,unweighted,0.007002571896188917,0.6144114999915473,0.10101460001897067,,496,0.038306451612903226,rolling_5y
4,Gradient boosting [unweighted] [sigmoid],sigmoid,calibration,0.01697930000955239,0.49635416666666665,0.06215546885967896,0.058823529411764705,0.25,0.09523809523809523,0.04563273849926509,0.19565571403894372,0.031863628769169934,0.047619047619047616,-0.015755418849877682,0.015755418849877682,0.03566562832379301,0.20238095238095238,0.047619047619047616,Gradient boosting,unweighted,0.007002571896188917,0.6144114999915473,0.10101460001897067,,496,0.038306451612903226,rolling_5y
4,Logistic [balanced],uncalibrated,selection validation,0.0,0.3211805555555555,0.040050195951247494,0.047619047619047616,1.0,0.09090909090909091,0.9520751152981455,9.386242737970367,0.9998351099097064,0.047619047619047616,0.9522160622906588,0.9522160622906588,0.0002182696669015353,1.0,0.047619047619047616,Logistic,balanced,0.008928571428571428,0.01259210001444444,0.008412899973336607,11.0,496,0.038306451612903226,rolling_5y
4,Logistic [balanced] [sigmoid],sigmoid,calibration,0.010526999947614968,0.6788194444444444,0.08592618970466709,0.0,0.0,0.0,0.04600152566065018,0.20315735613194652,0.017631007242698334,0.047619047619047616,-0.029988040376349282,0.029988040376349282,0.04940042389324383,0.0,0.047619047619047616,Logistic,balanced,0.008928571428571428,0.01259210001444444,0.008412899973336607,11.0,496,0.038306451612903226,rolling_5y
4,Logistic [unweighted],uncalibrated,selection validation,0.0,0.31354166666666666,0.03565318768420091,0.047619047619047616,1.0,0.09090909090909091,0.9174742680687235,5.407462758819791,0.9802224678259134,0.047619047619047616,0.9326034202068658,0.9326034202068658,5.786560747483073e-14,1.0,0.047619047619047616,Logistic,unweighted,0.007424791392182696,0.010393800039310008,0.007355600013397634,11.0,496,0.038306451612903226,rolling_5y
4,Logistic [unweighted] [sigmoid],sigmoid,calibration,0.010274100000970066,0.6864583333333334,0.08633245614550256,0.0,0.0,0.0,0.04627541211031975,0.21278035882552224,0.012477176522894496,0.047619047619047616,-0.03514187109615312,0.03514187109615312,0.11534288623413183,0.0,0.047619047619047616,Logistic,unweighted,0.007424791392182696,0.010393800039310008,0.007355600013397634,11.0,496,0.038306451612903226,rolling_5y
4,Logistic oriented [balanced],uncalibrated,selection validation,0.0,0.3211805555555555,0.040050195951247494,0.047619047619047616,1.0,0.09090909090909091,0.9520751152981455,9.386242737970367,0.9998351099097064,0.047619047619047616,0.9522160622906588,0.9522160622906588,0.0002182696669015353,1.0,0.047619047619047616,Logistic oriented,balanced,0.008928571428571428,0.012319799978286028,0.008692900009918958,11.0,496,0.038306451612903226,rolling_5y
4,Logistic oriented [balanced] [sigmoid],sigmoid,calibration,0.012369999953079969,0.6788194444444444,0.08592618970466709,0.0,0.0,0.0,0.04600152566065018,0.20315735613194652,0.017631007242698334,0.047619047619047616,-0.029988040376349282,0.029988040376349282,0.04940042389324383,0.0,0.047619047619047616,Logistic oriented,balanced,0.008928571428571428,0.012319799978286028,0.008692900009918958,11.0,496,0.038306451612903226,rolling_5y
4,Logistic oriented [unweighted],uncalibrated,selection validation,0.0,0.31354166666666666,0.03565318768420091,0.047619047619047616,1.0,0.09090909090909091,0.9174742680687235,5.407462758819791,0.9802224678259134,0.047619047619047616,0.9326034202068658,0.9326034202068658,5.786560747483073e-14,1.0,0.047619047619047616,Logistic oriented,unweighted,0.007424791392182696,0.011613999959081411,0.008109999995213002,11.0,496,0.038306451612903226,rolling_5y
4,Logistic oriented [unweighted] [sigmoid],sigmoid,calibration,0.011683000018820167,0.6864583333333334,0.08633245614550256,0.0,0.0,0.0,0.04627541211031975,0.21278035882552224,0.012477176522894496,0.047619047619047616,-0.03514187109615312,0.03514187109615312,0.11534288623413183,0.0,0.047619047619047616,Logistic oriented,unweighted,0.007424791392182696,0.011613999959081411,0.008109999995213002,11.0,496,0.038306451612903226,rolling_5y
4,Penalized logistic [balanced],uncalibrated,selection validation,0.0,0.32222222222222224,0.04506820826441367,0.047619047619047616,1.0,0.09090909090909091,0.9509785691105649,7.544886739419714,0.9992499293391085,0.047619047619047616,0.9516308817200609,0.9516308817200609,0.11216672832208444,1.0,0.047619047619047616,Penalized logistic,balanced,0.014202540578687368,0.031070999975781888,0.0076293000020086765,11.0,496,0.038306451612903226,rolling_5y
4,Penalized logistic [balanced] [sigmoid],sigmoid,calibration,0.0106423000106588,0.6777777777777777,0.08203941948188917,0.0,0.0,0.0,0.04628556207305973,0.21103275210792868,0.013759057852889564,0.047619047619047616,-0.033859989766158054,0.033859989766158054,0.053492709792748845,0.0,0.047619047619047616,Penalized logistic,balanced,0.014202540578687368,0.031070999975781888,0.0076293000020086765,11.0,496,0.038306451612903226,rolling_5y
4,Penalized logistic [unweighted],uncalibrated,selection validation,0.0,0.30833333333333335,0.053296297749164084,0.047619047619047616,1.0,0.09090909090909091,0.3864456630551556,1.006592430406317,0.5998164032209308,0.047619047619047616,0.5521973556018831,0.5521973556018831,0.0022319580014466952,1.0,0.047619047619047616,Penalized logistic,unweighted,0.0079868154158215,0.026554099982604384,0.0063455000054091215,11.0,496,0.038306451612903226,rolling_5y
4,Penalized logistic [unweighted] [sigmoid],sigmoid,calibration,0.010715599986724555,0.6916666666666667,0.08942401783760152,0.0,0.0,0.0,0.04658651675948117,0.22579342190076152,0.009050630918248256,0.047619047619047616,-0.03856841670079936,0.03856841670079936,0.17416433204343856,0.0,0.047619047619047616,Penalized logistic,unweighted,0.0079868154158215,0.026554099982604384,0.0063455000054091215,11.0,496,0.038306451612903226,rolling_5y
4,Rolling prior probability,uncalibrated,selection validation,0.0,0.5,0.047619047619047616,0.047619047619047616,1.0,0.09090909090909091,0.046037915927111255,0.2036433795501816,0.021419009370816595,0.047619047619047616,-0.02620003824823102,0.02620003824823102,0.01,1.0,0.047619047619047616,Rolling prior probability,not applicable,0.005333333333333333,0.003874699992593378,0.001997699961066246,,496,0.038306451612903226,rolling_5y
4,Rolling prior probability [sigmoid],sigmoid,calibration,0.009455299994442612,0.5,0.047619047619047616,0.047619047619047616,1.0,0.09090909090909091,0.04543481257123691,0.19249346852006485,0.03849004721733776,0.047619047619047616,-0.009129000401709858,0.009129000401709858,0.01,1.0,0.047619047619047616,Rolling prior probability,not applicable,0.005333333333333333,0.003874699992593378,0.001997699961066246,,496,0.038306451612903226,rolling_5y
5,Choquistic 1-additive [balanced],uncalibrated,selection validation,0.0,0.7103510895883778,0.11002750804154805,0.056,1.0,0.10606060606060606,0.23530126964457068,0.6645773727829228,0.482434089838039,0.056,0.426434089838039,0.426434089838039,4.04909191613366e-13,1.0,0.056,Choquistic 1-additive,balanced,0.04835487411198072,0.34674599999561906,0.23051600001053885,12.0,497,0.02414486921529175,rolling_5y
5,Choquistic 1-additive [balanced] [sigmoid],sigmoid,calibration,0.012873500003479421,0.2896489104116223,0.039192626638856365,0.059574468085106386,1.0,0.11244979919678715,0.05461675664548267,0.23701519308202798,0.049117099286320964,0.056,-0.006882900713679037,0.006882900713679037,0.019208343008951842,0.94,0.056,Choquistic 1-additive,balanced,0.04835487411198072,0.34674599999561906,0.23051600001053885,12.0,497,0.02414486921529175,rolling_5y
5,Choquistic 1-additive [unweighted],uncalibrated,selection validation,0.0,0.6809927360774818,0.10161633714888657,0.056,1.0,0.10606060606060606,0.05261502140078237,0.2124829350507134,0.044305639205521725,0.056,-0.011694360794478276,0.011694360794478276,1.0589764092392925e-07,1.0,0.056,Choquistic 1-additive,unweighted,0.048309636488660344,0.343862000037916,0.34195410000393167,12.0,497,0.02414486921529175,rolling_5y
5,Choquistic 1-additive [unweighted] [sigmoid],sigmoid,calibration,0.013156500004697591,0.31900726392251816,0.04135071385101809,0.056768558951965066,0.9285714285714286,0.10699588477366255,0.05414493761631373,0.2341880807679479,0.03931403272180249,0.056,-0.01668596727819751,0.01668596727819751,0.02005014079353917,0.916,0.056,Choquistic 1-additive,unweighted,0.048309636488660344,0.343862000037916,0.34195410000393167,12.0,497,0.02414486921529175,rolling_5y
5,Choquistic 2-additive [balanced],uncalibrated,selection validation,0.0,0.5871670702179177,0.09988704551758408,0.056,1.0,0.10606060606060606,0.2988429002588814,0.7973736055305155,0.5478239884196004,0.056,0.49182398841960046,0.49182398841960046,1.832636061896588e-15,1.0,0.056,Choquistic 2-additive,balanced,0.04858712408641088,1.0563129999791272,1.020052699954249,57.0,497,0.02414486921529175,rolling_5y
5,Choquistic 2-additive [balanced] [sigmoid],sigmoid,calibration,0.013363500009290874,0.5871670702179177,0.09988704551758408,0.06569343065693431,0.6428571428571429,0.11920529801324503,0.05345087816236753,0.2244539757260799,0.02739810965270909,0.056,-0.028601890347290913,0.028601890347290913,0.02522188234968862,0.548,0.056,Choquistic 2-additive,balanced,0.04858712408641088,1.0563129999791272,1.020052699954249,57.0,497,0.02414486921529175,rolling_5y
5,Choquistic 2-additive [unweighted],uncalibrated,selection validation,0.0,0.6531476997578692,0.10766210438857068,0.056,1.0,0.10606060606060606,0.05243728524543641,0.21054483329222443,0.04658416940010488,0.056,-0.00941583059989512,0.00941583059989512,3.552207004583786e-09,1.0,0.056,Choquistic 2-additive,unweighted,0.048296464178622725,1.3629545999574475,1.4016550999949686,57.0,497,0.02414486921529175,rolling_5y
5,Choquistic 2-additive [unweighted] [sigmoid],sigmoid,calibration,0.013998000009451061,0.6531476997578692,0.10766210438857068,0.057803468208092484,0.7142857142857143,0.10695187165775401,0.05338346209860198,0.2228083181231046,0.027367516405589376,0.056,-0.028632483594410625,0.028632483594410625,0.02318140508831238,0.692,0.056,Choquistic 2-additive,unweighted,0.048296464178622725,1.3629545999574475,1.4016550999949686,57.0,497,0.02414486921529175,rolling_5y
5,Choquistic model aggregator [balanced],uncalibrated,selection validation,0.0,0.7793583535108959,0.14268198630489215,0.056,1.0,0.10606060606060606,0.07853157270713192,0.29908637152952056,0.2171181762626018,0.056,0.1611181762626018,0.1611181762626018,0.05345362148414778,1.0,0.056,Choquistic model aggregator,balanced,0.049823254803269004,0.010869599995203316,0.0,15.0,497,0.02414486921529175,rolling_5y
5,Choquistic model aggregator [balanced] [sigmoid],sigmoid,calibration,0.007462399953510612,0.7793583535108959,0.14268198630489215,0.0,0.0,0.0,0.0537315923772596,0.22799465827918533,0.017974532103904515,0.056,-0.03802546789609548,0.03802546789609548,0.02748895683439617,0.016,0.056,Choquistic model aggregator,balanced,0.049823254803269004,0.010869599995203316,0.0,15.0,497,0.02414486921529175,rolling_5y
5,Choquistic model aggregator [unweighted],uncalibrated,selection validation,0.0,0.43886198547215494,0.050812491934443156,0.056,1.0,0.10606060606060606,0.05289343331120603,0.21607910224199145,0.06142524757094336,0.056,0.005425247570943356,0.005425247570943356,0.05784937121320128,1.0,0.056,Choquistic model aggregator,unweighted,0.09367838044308632,0.010152900009416044,0.0,15.0,497,0.02414486921529175,rolling_5y
5,Choquistic model aggregator [unweighted] [sigmoid],sigmoid,calibration,0.0071131999720819294,0.4612590799031477,0.0532910052910053,0.056,1.0,0.10606060606060606,0.05386104093670931,0.23122501498901132,0.024424044959664045,0.056,-0.03157595504033596,0.03157595504033596,0.01,1.0,0.056,Choquistic model aggregator,unweighted,0.09367838044308632,0.010152900009416044,0.0,15.0,497,0.02414486921529175,rolling_5y
5,Gradient boosting [balanced],uncalibrated,selection validation,0.0,0.4222154963680388,0.07169600036879725,0.056,1.0,0.10606060606060606,0.09570421277369445,0.3766171347778087,0.12880488005594015,0.056,0.07280488005594016,0.07280488005594016,0.00013596301598064214,1.0,0.056,Gradient boosting,balanced,0.05707485305591491,0.5718758999719284,0.09567869995953515,,497,0.02414486921529175,rolling_5y
5,Gradient boosting [balanced] [sigmoid],sigmoid,calibration,0.017648500041104853,0.4222154963680388,0.07169600036879725,0.3333333333333333,0.07142857142857142,0.11764705882352941,0.05352966529881512,0.22654505549478282,0.03141273122142146,0.056,-0.024587268778578544,0.024587268778578544,0.06036034923140542,0.012,0.056,Gradient boosting,balanced,0.05707485305591491,0.5718758999719284,0.09567869995953515,,497,0.02414486921529175,rolling_5y
5,Gradient boosting [unweighted],uncalibrated,selection validation,0.0,0.5028753026634383,0.08892859535278314,0.056,1.0,0.10606060606060606,0.06511021554090243,0.2972235159384176,0.06371762596881454,0.056,0.007717625968814541,0.007717625968814541,2.0298683332180496e-06,1.0,0.056,Gradient boosting,unweighted,0.05354751545885669,0.5687840000027791,0.10038000001804903,,497,0.02414486921529175,rolling_5y
5,Gradient boosting [unweighted] [sigmoid],sigmoid,calibration,0.018491599999833852,0.5028753026634383,0.08892859535278314,0.05405405405405406,0.14285714285714285,0.0784313725490196,0.05352465356748984,0.22537285675547858,0.029425993083587215,0.056,-0.026574006916412787,0.026574006916412787,0.03553774820681447,0.148,0.056,Gradient boosting,unweighted,0.05354751545885669,0.5687840000027791,0.10038000001804903,,497,0.02414486921529175,rolling_5y
5,Logistic [balanced],uncalibrated,selection validation,0.0,0.7793583535108959,0.1426267793577073,0.056,1.0,0.10606060606060606,0.3935094978293618,1.2790783587850212,0.600139823279837,0.056,0.5441398232798369,0.5441398232798369,2.2077356630692004e-67,1.0,0.056,Logistic,balanced,0.04802864306212137,0.01576579996617511,0.0072330000111833215,11.0,497,0.02414486921529175,rolling_5y
5,Logistic [balanced] [sigmoid],sigmoid,calibration,0.010023600014392287,0.22064164648910412,0.036103319709585364,0.022222222222222223,0.2857142857142857,0.041237113402061855,0.05389510007272794,0.2319263030086945,0.025541563253533666,0.056,-0.030458436746466335,0.030458436746466335,0.025027320685457453,0.72,0.056,Logistic,balanced,0.04802864306212137,0.01576579996617511,0.0072330000111833215,11.0,497,0.02414486921529175,rolling_5y
5,Logistic [unweighted],uncalibrated,selection validation,0.0,0.7460653753026635,0.12373430011824679,0.056,1.0,0.10606060606060606,0.056919097719117503,0.21073649361797023,0.08945031218008156,0.056,0.033450312180081564,0.033450312180081564,1.277545547742956e-43,1.0,0.056,Logistic,unweighted,0.04807084058629398,0.013533599965739995,0.006286200019530952,11.0,497,0.02414486921529175,rolling_5y
5,Logistic [unweighted] [sigmoid],sigmoid,calibration,0.009710000013001263,0.2539346246973365,0.03741217612242492,0.03684210526315789,0.5,0.06862745098039216,0.05411246199510164,0.23505872011633305,0.033452967445674664,0.056,-0.022547032554325337,0.022547032554325337,0.026821937376896927,0.76,0.056,Logistic,unweighted,0.04807084058629398,0.013533599965739995,0.006286200019530952,11.0,497,0.02414486921529175,rolling_5y
5,Logistic oriented [balanced],uncalibrated,selection validation,0.0,0.7793583535108959,0.1426267793577073,0.056,1.0,0.10606060606060606,0.3935094978293618,1.2790783587850212,0.600139823279837,0.056,0.5441398232798369,0.5441398232798369,2.2077356630692004e-67,1.0,0.056,Logistic oriented,balanced,0.04802864306212137,0.016606400022283196,0.008119499951135367,11.0,497,0.02414486921529175,rolling_5y
5,Logistic oriented [balanced] [sigmoid],sigmoid,calibration,0.012096699967514724,0.22064164648910412,0.036103319709585364,0.022222222222222223,0.2857142857142857,0.041237113402061855,0.05389510007272794,0.2319263030086945,0.025541563253533666,0.056,-0.030458436746466335,0.030458436746466335,0.025027320685457453,0.72,0.056,Logistic oriented,balanced,0.04802864306212137,0.016606400022283196,0.008119499951135367,11.0,497,0.02414486921529175,rolling_5y
5,Logistic oriented [unweighted],uncalibrated,selection validation,0.0,0.7460653753026635,0.12373430011824679,0.056,1.0,0.10606060606060606,0.056919097719117503,0.21073649361797023,0.08945031218008156,0.056,0.033450312180081564,0.033450312180081564,1.277545547742956e-43,1.0,0.056,Logistic oriented,unweighted,0.04807084058629398,0.013287999958265573,0.007039999996777624,11.0,497,0.02414486921529175,rolling_5y
5,Logistic oriented [unweighted] [sigmoid],sigmoid,calibration,0.011706599965691566,0.2539346246973365,0.03741217612242492,0.03684210526315789,0.5,0.06862745098039216,0.05411246199510164,0.23505872011633305,0.033452967445674664,0.056,-0.022547032554325337,0.022547032554325337,0.026821937376896927,0.76,0.056,Logistic oriented,unweighted,0.04807084058629398,0.013287999958265573,0.007039999996777624,11.0,497,0.02414486921529175,rolling_5y
5,Penalized logistic [balanced],uncalibrated,selection validation,0.0,0.7793583535108959,0.14268198630489215,0.056,1.0,0.10606060606060606,0.3939370458894553,1.2685862209173933,0.6019169810743662,0.056,0.5459169810743661,0.5459169810743661,8.756418040815033e-07,1.0,0.056,Penalized logistic,balanced,0.049823254803269004,0.03322509996360168,0.006986499996855855,11.0,497,0.02414486921529175,rolling_5y
5,Penalized logistic [balanced] [sigmoid],sigmoid,calibration,0.010363600042182952,0.22064164648910412,0.03610259766375178,0.022222222222222223,0.2857142857142857,0.041237113402061855,0.05389784634167688,0.23198086570843082,0.025644767656576584,0.056,-0.030355232343423418,0.030355232343423418,0.025082081588778945,0.72,0.056,Penalized logistic,balanced,0.049823254803269004,0.03322509996360168,0.006986499996855855,11.0,497,0.02414486921529175,rolling_5y
5,Penalized logistic [unweighted],uncalibrated,selection validation,0.0,0.7457627118644068,0.122299999095479,0.056,1.0,0.10606060606060606,0.05622261677027283,0.20959629486283665,0.08931674075108734,0.056,0.033316740751087336,0.033316740751087336,1.5453305942210655e-05,1.0,0.056,Penalized logistic,unweighted,0.050074579520667316,0.027391000010538846,0.006012599973473698,11.0,497,0.02414486921529175,rolling_5y
5,Penalized logistic [unweighted] [sigmoid],sigmoid,calibration,0.010479999997187406,0.2542372881355932,0.03743687700805381,0.03684210526315789,0.5,0.06862745098039216,0.054117114000094335,0.23518046500484036,0.03333759035055475,0.056,-0.02266240964944525,0.02266240964944525,0.02685396403264034,0.76,0.056,Penalized logistic,unweighted,0.050074579520667316,0.027391000010538846,0.006012599973473698,11.0,497,0.02414486921529175,rolling_5y
5,Rolling prior probability,uncalibrated,selection validation,0.0,0.5,0.056,0.056,1.0,0.10606060606060606,0.05297265128046634,0.21698386245235074,0.04557640750670242,0.056,-0.010423592493297579,0.010423592493297579,0.01,1.0,0.056,Rolling prior probability,not applicable,0.05614973262032086,0.0038382000057026744,0.0019380999729037285,,497,0.02414486921529175,rolling_5y
5,Rolling prior probability [sigmoid],sigmoid,calibration,0.009318900003563613,0.5,0.056,0.056,1.0,0.10606060606060606,0.053861040933957896,0.2312250149312751,0.02442404500323232,0.056,-0.031575954996767686,0.031575954996767686,0.01,1.0,0.056,Rolling prior probability,not applicable,0.05614973262032086,0.0038382000057026744,0.0019380999729037285,,497,0.02414486921529175,rolling_5y
6,Choquistic 1-additive [balanced],uncalibrated,selection validation,0.0,0.3995098039215686,0.024535598911633955,0.0,0.0,0.0,0.12341393789887638,0.4296845481978869,0.337239527277587,0.02158273381294964,0.3156567934646374,0.3156567934646374,0.8674743945660557,0.0,0.02158273381294964,Choquistic 1-additive,balanced,0.00625,0.22569289995590225,0.25677750003524125,12.0,497,0.052313883299798795,rolling_5y
6,Choquistic 1-additive [balanced] [sigmoid],sigmoid,calibration,0.01253129995893687,0.3995098039215686,0.024535598911633955,0.0,0.0,0.0,0.021830681179320712,0.11374263805683872,0.04699290442090456,0.02158273381294964,0.025410170607954922,0.025410170607954922,0.057078860821134426,0.0,0.02158273381294964,Choquistic 1-additive,balanced,0.00625,0.22569289995590225,0.25677750003524125,12.0,497,0.052313883299798795,rolling_5y
6,Choquistic 1-additive [unweighted],uncalibrated,selection validation,0.0,0.5147058823529411,0.03391053391053391,0.0,0.0,0.0,0.021189371134903573,0.10644173348035105,0.013821823754359292,0.02158273381294964,-0.007760910058590349,0.007760910058590349,0.24891896892373896,0.0,0.02158273381294964,Choquistic 1-additive,unweighted,0.00625,0.24456279998412356,0.23254940001061186,12.0,497,0.052313883299798795,rolling_5y
6,Choquistic 1-additive [unweighted] [sigmoid],sigmoid,calibration,0.013213799975346774,0.5147058823529411,0.03391053391053391,0.0,0.0,0.0,0.021791692623906952,0.11322948153646371,0.04725183317718381,0.02158273381294964,0.025669099364234168,0.025669099364234168,0.06114003116368471,0.0,0.02158273381294964,Choquistic 1-additive,unweighted,0.00625,0.24456279998412356,0.23254940001061186,12.0,497,0.052313883299798795,rolling_5y
6,Choquistic 2-additive [balanced],uncalibrated,selection validation,0.0,0.44362745098039214,0.026101071227361015,0.0,0.0,0.0,0.10837079311064383,0.39137099559618865,0.3064222261404777,0.02158273381294964,0.2848394923275281,0.2848394923275281,0.8321326862671886,0.0,0.02158273381294964,Choquistic 2-additive,balanced,0.006211180124223602,1.0896899999934249,1.142555100028403,57.0,497,0.052313883299798795,rolling_5y
6,Choquistic 2-additive [balanced] [sigmoid],sigmoid,calibration,0.013803799985907972,0.44362745098039214,0.026101071227361015,0.0,0.0,0.0,0.022097582748210345,0.11632662040457795,0.051006103716493945,0.02158273381294964,0.029423369903544303,0.029423369903544303,0.06725411241691524,0.007194244604316547,0.02158273381294964,Choquistic 2-additive,balanced,0.006211180124223602,1.0896899999934249,1.142555100028403,57.0,497,0.052313883299798795,rolling_5y
6,Choquistic 2-additive [unweighted],uncalibrated,selection validation,0.0,0.5612745098039216,0.054469744887202194,0.0,0.0,0.0,0.021215248323038054,0.10812783987843802,0.011265296192068742,0.02158273381294964,-0.0103174376208809,0.0103174376208809,0.19774223209967287,0.0,0.02158273381294964,Choquistic 2-additive,unweighted,0.005988023952095809,1.1116961000370793,1.2616859000409022,57.0,497,0.052313883299798795,rolling_5y
6,Choquistic 2-additive [unweighted] [sigmoid],sigmoid,calibration,0.014372400008141994,0.5612745098039216,0.054469744887202194,0.0,0.0,0.0,0.021858112316433864,0.11406673303377264,0.04877984419065949,0.02158273381294964,0.02719711037770985,0.02719711037770985,0.05885103753933805,0.007194244604316547,0.02158273381294964,Choquistic 2-additive,unweighted,0.005988023952095809,1.1116961000370793,1.2616859000409022,57.0,497,0.052313883299798795,rolling_5y
6,Choquistic model aggregator [balanced],uncalibrated,selection validation,0.0,0.4877450980392156,0.02741994847258005,0.0,0.0,0.0,0.08824470553231956,0.346391868431481,0.2762072369300052,0.02158273381294964,0.2546245031170556,0.2546245031170556,0.4100524703439787,0.0,0.02158273381294964,Choquistic model aggregator,balanced,0.003424657534246575,0.007271200011018664,0.0,15.0,497,0.052313883299798795,rolling_5y
6,Choquistic model aggregator [balanced] [sigmoid],sigmoid,calibration,0.007843300001695752,0.4877450980392156,0.02741994847258005,0.0,0.0,0.0,0.022020040255045954,0.11581525577774777,0.05161290266041138,0.02158273381294964,0.03003016884746174,0.03003016884746174,0.06342024850954518,0.0,0.02158273381294964,Choquistic model aggregator,balanced,0.003424657534246575,0.007271200011018664,0.0,15.0,497,0.052313883299798795,rolling_5y
6,Choquistic model aggregator [unweighted],uncalibrated,selection validation,0.0,0.5073529411764706,0.02586206896551724,0.0,0.0,0.0,0.022281074298523006,0.11840210052973663,0.055702447827196654,0.02158273381294964,0.034119714014247016,0.034119714014247016,0.06437135799374669,0.0,0.02158273381294964,Choquistic model aggregator,unweighted,0.0027100271002710027,0.012592899962328374,0.0,15.0,497,0.052313883299798795,rolling_5y
6,Choquistic model aggregator [unweighted] [sigmoid],sigmoid,calibration,0.007267699984367937,0.5,0.02158273381294964,0.02158273381294964,1.0,0.04225352112676056,0.022069651670205685,0.11633586066105951,0.05244909505130563,0.02158273381294964,0.030866361238355986,0.030866361238355986,0.01,1.0,0.02158273381294964,Choquistic model aggregator,unweighted,0.0027100271002710027,0.012592899962328374,0.0,15.0,497,0.052313883299798795,rolling_5y
6,Gradient boosting [balanced],uncalibrated,selection validation,0.0,0.44852941176470584,0.02527867539939003,0.021739130434782608,1.0,0.0425531914893617,0.12198592031896134,0.38345344664377984,0.24198949862395908,0.02158273381294964,0.22040676481100943,0.22040676481100943,0.008772664748430178,0.9928057553956835,0.02158273381294964,Gradient boosting,balanced,0.003246753246753247,0.650060800020583,0.06551330001093447,,497,0.052313883299798795,rolling_5y
6,Gradient boosting [balanced] [sigmoid],sigmoid,calibration,0.017022999993059784,0.5514705882352942,0.03168976983201623,0.0,0.0,0.0,0.021750933145039498,0.11268402119204139,0.04686170796030242,0.02158273381294964,0.025278974147352782,0.025278974147352782,0.054552439479093766,0.07913669064748201,0.02158273381294964,Gradient boosting,balanced,0.003246753246753247,0.650060800020583,0.06551330001093447,,497,0.052313883299798795,rolling_5y
6,Gradient boosting [unweighted],uncalibrated,selection validation,0.0,0.4411764705882353,0.025012545702200874,0.02158273381294964,1.0,0.04225352112676056,0.1152384451557947,0.3785422242944272,0.2380043085697142,0.02158273381294964,0.21642157475676455,0.21642157475676455,0.00641445040408463,1.0,0.02158273381294964,Gradient boosting,unweighted,0.0033222591362126247,0.7030200000153854,0.09762600000249222,,497,0.052313883299798795,rolling_5y
6,Gradient boosting [unweighted] [sigmoid],sigmoid,calibration,0.018695299979299307,0.5588235294117647,0.03257826371367162,0.03333333333333333,0.3333333333333333,0.06060606060606061,0.022013664063383096,0.11576578573180131,0.05160511852827369,0.02158273381294964,0.030022384715324046,0.030022384715324046,0.05197909939265876,0.2158273381294964,0.02158273381294964,Gradient boosting,unweighted,0.0033222591362126247,0.7030200000153854,0.09762600000249222,,497,0.052313883299798795,rolling_5y
6,Logistic [balanced],uncalibrated,selection validation,0.0,0.39705882352941174,0.02319726519916574,0.0,0.0,0.0,0.24865842407820635,0.6873929815869002,0.4695624368925181,0.02158273381294964,0.44797970307956847,0.44797970307956847,0.6989243624582913,0.04316546762589928,0.02158273381294964,Logistic,balanced,0.0031847133757961785,0.00785400002496317,0.0059635000070557,11.0,497,0.052313883299798795,rolling_5y
6,Logistic [balanced] [sigmoid],sigmoid,calibration,0.009776400052942336,0.39705882352941174,0.02319726519916574,0.0,0.0,0.0,0.02198279954312355,0.1154338331342353,0.05066860202735259,0.02158273381294964,0.02908586821440295,0.02908586821440295,0.07311920857215826,0.0,0.02158273381294964,Logistic,balanced,0.0031847133757961785,0.00785400002496317,0.0059635000070557,11.0,497,0.052313883299798795,rolling_5y
6,Logistic [unweighted],uncalibrated,selection validation,0.0,0.4411764705882353,0.02495797232639338,0.0,0.0,0.0,0.03145395404150333,0.16069658975510231,0.10166256425418559,0.02158273381294964,0.08007983044123594,0.08007983044123594,0.21321988480395795,0.06474820143884892,0.02158273381294964,Logistic,unweighted,0.003125,0.00906160002341494,0.005147600022610277,11.0,497,0.052313883299798795,rolling_5y
6,Logistic [unweighted] [sigmoid],sigmoid,calibration,0.009972900035791099,0.4411764705882353,0.02495797232639338,0.017543859649122806,0.3333333333333333,0.03333333333333333,0.021963911045028536,0.11512403258767565,0.05036679696433886,0.02158273381294964,0.028784063151389216,0.028784063151389216,0.05173491039750471,0.41007194244604317,0.02158273381294964,Logistic,unweighted,0.003125,0.00906160002341494,0.005147600022610277,11.0,497,0.052313883299798795,rolling_5y
6,Logistic oriented [balanced],uncalibrated,selection validation,0.0,0.39705882352941174,0.02319726519916574,0.0,0.0,0.0,0.24865842407820635,0.6873929815869002,0.4695624368925181,0.02158273381294964,0.44797970307956847,0.44797970307956847,0.6989243624582913,0.04316546762589928,0.02158273381294964,Logistic oriented,balanced,0.0031847133757961785,0.009295399999246001,0.007347800012212247,11.0,497,0.052313883299798795,rolling_5y
6,Logistic oriented [balanced] [sigmoid],sigmoid,calibration,0.011558999947737902,0.39705882352941174,0.02319726519916574,0.0,0.0,0.0,0.02198279954312355,0.1154338331342353,0.05066860202735259,0.02158273381294964,0.02908586821440295,0.02908586821440295,0.07311920857215826,0.0,0.02158273381294964,Logistic oriented,balanced,0.0031847133757961785,0.009295399999246001,0.007347800012212247,11.0,497,0.052313883299798795,rolling_5y
6,Logistic oriented [unweighted],uncalibrated,selection validation,0.0,0.4411764705882353,0.02495797232639338,0.0,0.0,0.0,0.03145395404150333,0.16069658975510231,0.10166256425418559,0.02158273381294964,0.08007983044123594,0.08007983044123594,0.21321988480395795,0.06474820143884892,0.02158273381294964,Logistic oriented,unweighted,0.003125,0.008466500032227486,0.006043900037184358,11.0,497,0.052313883299798795,rolling_5y
6,Logistic oriented [unweighted] [sigmoid],sigmoid,calibration,0.012100399995688349,0.4411764705882353,0.02495797232639338,0.017543859649122806,0.3333333333333333,0.03333333333333333,0.021963911045028536,0.11512403258767565,0.05036679696433886,0.02158273381294964,0.028784063151389216,0.028784063151389216,0.05173491039750471,0.41007194244604317,0.02158273381294964,Logistic oriented,unweighted,0.003125,0.008466500032227486,0.006043900037184358,11.0,497,0.052313883299798795,rolling_5y
6,Penalized logistic [balanced],uncalibrated,selection validation,0.0,0.4877450980392156,0.02741994847258005,0.0,0.0,0.0,0.2440733466893991,0.6810774669556704,0.48998583430461823,0.02158273381294964,0.4684031004916686,0.4684031004916686,0.629860286757839,0.0,0.02158273381294964,Penalized logistic,balanced,0.003424657534246575,0.02721699996618554,0.0046787000028416514,11.0,497,0.052313883299798795,rolling_5y
6,Penalized logistic [balanced] [sigmoid],sigmoid,calibration,0.009590800036676228,0.4877450980392156,0.02741994847258005,0.0,0.0,0.0,0.02198456996327598,0.11543873650799791,0.050995813986460845,0.02158273381294964,0.029413080173511203,0.029413080173511203,0.07610346672805414,0.0,0.02158273381294964,Penalized logistic,balanced,0.003424657534246575,0.02721699996618554,0.0046787000028416514,11.0,497,0.052313883299798795,rolling_5y
6,Penalized logistic [unweighted],uncalibrated,selection validation,0.0,0.5661764705882353,0.041030728530728526,0.0,0.0,0.0,0.02115182056051345,0.10481030163712998,0.028764404578769522,0.02158273381294964,0.007181670765819881,0.007181670765819881,0.08051550426820452,0.0,0.02158273381294964,Penalized logistic,unweighted,0.005780346820809248,0.023676800017710775,0.004850999976042658,11.0,497,0.052313883299798795,rolling_5y
6,Penalized logistic [unweighted] [sigmoid],sigmoid,calibration,0.010950199968647212,0.5661764705882353,0.041030728530728526,0.0,0.0,0.0,0.02195094475124162,0.11503206676868832,0.05086340384375183,0.02158273381294964,0.029280670030802185,0.029280670030802185,0.05703393505370878,0.05755395683453238,0.02158273381294964,Penalized logistic,unweighted,0.005780346820809248,0.023676800017710775,0.004850999976042658,11.0,497,0.052313883299798795,rolling_5y
6,Rolling prior probability,uncalibrated,selection validation,0.0,0.5,0.02158273381294964,0.02158273381294964,1.0,0.04225352112676056,0.02116155599835908,0.10501988498686253,0.028263795423956926,0.02158273381294964,0.006681061611007285,0.006681061611007285,0.01,1.0,0.02158273381294964,Rolling prior probability,not applicable,0.002688172043010753,0.0040216000052168965,0.002128200023435056,,497,0.052313883299798795,rolling_5y
6,Rolling prior probability [sigmoid],sigmoid,calibration,0.009338100033346564,0.5,0.02158273381294964,0.02158273381294964,1.0,0.04225352112676056,0.022069651712245716,0.11633586108401286,0.052449095732306335,0.02158273381294964,0.030866361919356693,0.030866361919356693,0.01,1.0,0.02158273381294964,Rolling prior probability,not applicable,0.002688172043010753,0.0040216000052168965,0.002128200023435056,,497,0.052313883299798795,rolling_5y
