fold,model,feature,Shapley importance
0,Choquistic 1-additive [balanced],average_equity_correlation_60d,-2.2483182647018756e-16
0,Choquistic 1-additive [balanced],baa_credit_spread_pct,-6.466858378681202e-17
0,Choquistic 1-additive [balanced],drawdown_severity,4.2144461323385295e-16
0,Choquistic 1-additive [balanced],lagged_portfolio_loss_1d,0.16486620293109616
0,Choquistic 1-additive [balanced],liquidity_stress_20d,-1.747084997833243e-16
0,Choquistic 1-additive [balanced],market_loss_1d,0.3041198675919356
0,Choquistic 1-additive [balanced],negative_momentum_21d,0.5310139294769741
0,Choquistic 1-additive [balanced],realized_volatility_20d,-1.9442907141776654e-16
0,Choquistic 1-additive [balanced],term_spread_10y_2y_pct,-5.1695015218397366e-17
0,Choquistic 1-additive [balanced],vix,-8.434406334676077e-17
0,Choquistic 1-additive [unweighted],average_equity_correlation_60d,1.2333782450977388e-18
0,Choquistic 1-additive [unweighted],baa_credit_spread_pct,0.07185655648380922
0,Choquistic 1-additive [unweighted],drawdown_severity,-4.9474989232072296e-17
0,Choquistic 1-additive [unweighted],lagged_portfolio_loss_1d,0.16681658632144342
0,Choquistic 1-additive [unweighted],liquidity_stress_20d,0.012513123402574164
0,Choquistic 1-additive [unweighted],market_loss_1d,0.2631949855825729
0,Choquistic 1-additive [unweighted],negative_momentum_21d,0.48561874820960027
0,Choquistic 1-additive [unweighted],realized_volatility_20d,2.483757804562128e-18
0,Choquistic 1-additive [unweighted],term_spread_10y_2y_pct,-1.0167485469930175e-17
0,Choquistic 1-additive [unweighted],vix,1.4049183966032269e-18
0,Choquistic 2-additive [balanced],average_equity_correlation_60d,-1.2546813875810275e-15
0,Choquistic 2-additive [balanced],baa_credit_spread_pct,-1.2639348839571428e-15
0,Choquistic 2-additive [balanced],drawdown_severity,-6.110288044185354e-16
0,Choquistic 2-additive [balanced],lagged_portfolio_loss_1d,0.1756873741426807
0,Choquistic 2-additive [balanced],liquidity_stress_20d,-6.578564364438763e-16
0,Choquistic 2-additive [balanced],market_loss_1d,0.3963828008612307
0,Choquistic 2-additive [balanced],negative_momentum_21d,0.4279298249960945
0,Choquistic 2-additive [balanced],realized_volatility_20d,-1.320834556934713e-15
0,Choquistic 2-additive [balanced],term_spread_10y_2y_pct,-9.528748962748654e-16
0,Choquistic 2-additive [balanced],vix,-9.055477360187653e-16
0,Choquistic 2-additive [unweighted],average_equity_correlation_60d,-2.8076429594016415e-17
0,Choquistic 2-additive [unweighted],baa_credit_spread_pct,0.05527981032904727
0,Choquistic 2-additive [unweighted],drawdown_severity,-6.182581172748848e-17
0,Choquistic 2-additive [unweighted],lagged_portfolio_loss_1d,0.14760922950129615
0,Choquistic 2-additive [unweighted],liquidity_stress_20d,0.06653149457944835
0,Choquistic 2-additive [unweighted],market_loss_1d,0.31376010599547927
0,Choquistic 2-additive [unweighted],negative_momentum_21d,0.4062706051297945
0,Choquistic 2-additive [unweighted],realized_volatility_20d,1.9102430577182822e-17
0,Choquistic 2-additive [unweighted],term_spread_10y_2y_pct,0.010548754464933911
0,Choquistic 2-additive [unweighted],vix,2.7358990772104605e-17
0,Choquistic model aggregator [balanced],Gradient boosting [balanced],0.9999999999999996
0,Choquistic model aggregator [balanced],Logistic [balanced],1.4701904142355286e-17
0,Choquistic model aggregator [balanced],Logistic oriented [balanced],-2.31871430765787e-16
0,Choquistic model aggregator [balanced],Penalized logistic [balanced],5.1603613657588636e-18
0,Choquistic model aggregator [balanced],Rolling prior probability,1.8120425822343716e-16
0,Choquistic model aggregator [unweighted],Gradient boosting [unweighted],-2.017971293538645e-18
0,Choquistic model aggregator [unweighted],Logistic [unweighted],0.33935766965137204
0,Choquistic model aggregator [unweighted],Logistic oriented [unweighted],0.3393576661720806
0,Choquistic model aggregator [unweighted],Penalized logistic [unweighted],0.3212846641765476
0,Choquistic model aggregator [unweighted],Rolling prior probability,-2.1974067530849962e-17
1,Choquistic 1-additive [balanced],average_equity_correlation_60d,3.5331657717739624e-16
1,Choquistic 1-additive [balanced],baa_credit_spread_pct,-5.425522025454921e-16
1,Choquistic 1-additive [balanced],drawdown_severity,0.22535000630406749
1,Choquistic 1-additive [balanced],lagged_portfolio_loss_1d,5.264561349415782e-16
1,Choquistic 1-additive [balanced],liquidity_stress_20d,-3.123874073673718e-16
1,Choquistic 1-additive [balanced],market_loss_1d,1.1182638465465903e-15
1,Choquistic 1-additive [balanced],negative_momentum_21d,3.0215742207127425e-16
1,Choquistic 1-additive [balanced],realized_volatility_20d,0.026204100972330193
1,Choquistic 1-additive [balanced],term_spread_10y_2y_pct,-4.3873111067917047e-16
1,Choquistic 1-additive [balanced],vix,0.7484458927235965
1,Choquistic 1-additive [unweighted],average_equity_correlation_60d,1.0192379437509369e-18
1,Choquistic 1-additive [unweighted],baa_credit_spread_pct,-8.955555153453077e-19
1,Choquistic 1-additive [unweighted],drawdown_severity,1.9221217327654863e-18
1,Choquistic 1-additive [unweighted],lagged_portfolio_loss_1d,0.10454563493065684
1,Choquistic 1-additive [unweighted],liquidity_stress_20d,-9.904550714037984e-19
1,Choquistic 1-additive [unweighted],market_loss_1d,0.009071763765989626
1,Choquistic 1-additive [unweighted],negative_momentum_21d,8.997299364277461e-20
1,Choquistic 1-additive [unweighted],realized_volatility_20d,0.1447956983028528
1,Choquistic 1-additive [unweighted],term_spread_10y_2y_pct,-7.494272205398836e-19
1,Choquistic 1-additive [unweighted],vix,0.7415869030005051
1,Choquistic 2-additive [balanced],average_equity_correlation_60d,2.864223820038956e-17
1,Choquistic 2-additive [balanced],baa_credit_spread_pct,-2.1266654671655767e-16
1,Choquistic 2-additive [balanced],drawdown_severity,0.2800208897746553
1,Choquistic 2-additive [balanced],lagged_portfolio_loss_1d,0.23829075705924743
1,Choquistic 2-additive [balanced],liquidity_stress_20d,1.3702582140095935e-16
1,Choquistic 2-additive [balanced],market_loss_1d,0.1205505358869953
1,Choquistic 2-additive [balanced],negative_momentum_21d,0.04811307314257853
1,Choquistic 2-additive [balanced],realized_volatility_20d,1.5988480806682545e-16
1,Choquistic 2-additive [balanced],term_spread_10y_2y_pct,0.17241316255593966
1,Choquistic 2-additive [balanced],vix,0.1406115815805828
1,Choquistic 2-additive [unweighted],average_equity_correlation_60d,0.028905502761534647
1,Choquistic 2-additive [unweighted],baa_credit_spread_pct,9.846060659525212e-18
1,Choquistic 2-additive [unweighted],drawdown_severity,0.21455838975224117
1,Choquistic 2-additive [unweighted],lagged_portfolio_loss_1d,0.1950497967920573
1,Choquistic 2-additive [unweighted],liquidity_stress_20d,-8.831472733046077e-18
1,Choquistic 2-additive [unweighted],market_loss_1d,0.07849918013798882
1,Choquistic 2-additive [unweighted],negative_momentum_21d,0.06148631069416691
1,Choquistic 2-additive [unweighted],realized_volatility_20d,0.042761435654089956
1,Choquistic 2-additive [unweighted],term_spread_10y_2y_pct,0.20093886080295298
1,Choquistic 2-additive [unweighted],vix,0.17780052340496863
1,Choquistic model aggregator [balanced],Gradient boosting [balanced],4.985937719236613e-17
1,Choquistic model aggregator [balanced],Logistic [balanced],-5.830734304083195e-17
1,Choquistic model aggregator [balanced],Logistic oriented [balanced],1.3130957771277946e-16
1,Choquistic model aggregator [balanced],Penalized logistic [balanced],0.8343458581830029
1,Choquistic model aggregator [balanced],Rolling prior probability,0.16565414181699697
1,Choquistic model aggregator [unweighted],Gradient boosting [unweighted],0.5567042562130476
1,Choquistic model aggregator [unweighted],Logistic [unweighted],1.2075301696057307e-17
1,Choquistic model aggregator [unweighted],Logistic oriented [unweighted],7.056349139259823e-18
1,Choquistic model aggregator [unweighted],Penalized logistic [unweighted],0.41529194995379626
1,Choquistic model aggregator [unweighted],Rolling prior probability,0.02800379383315616
2,Choquistic 1-additive [balanced],average_equity_correlation_60d,-8.022146099843625e-16
2,Choquistic 1-additive [balanced],baa_credit_spread_pct,-1.1772564932357242e-15
2,Choquistic 1-additive [balanced],drawdown_severity,-6.951013471277517e-16
2,Choquistic 1-additive [balanced],lagged_portfolio_loss_1d,-1.2400383972840081e-15
2,Choquistic 1-additive [balanced],liquidity_stress_20d,-7.248377600575616e-16
2,Choquistic 1-additive [balanced],market_loss_1d,0.07094939859029117
2,Choquistic 1-additive [balanced],negative_momentum_21d,1.4937355855419597e-16
2,Choquistic 1-additive [balanced],realized_volatility_20d,0.08437741030195564
2,Choquistic 1-additive [balanced],term_spread_10y_2y_pct,0.26713709433906885
2,Choquistic 1-additive [balanced],vix,0.5775360967686902
2,Choquistic 1-additive [unweighted],average_equity_correlation_60d,-3.7830508169489596e-18
2,Choquistic 1-additive [unweighted],baa_credit_spread_pct,1.8771411963447632e-18
2,Choquistic 1-additive [unweighted],drawdown_severity,-2.8181514872384555e-17
2,Choquistic 1-additive [unweighted],lagged_portfolio_loss_1d,-6.68023962074408e-19
2,Choquistic 1-additive [unweighted],liquidity_stress_20d,-5.1599351025906724e-18
2,Choquistic 1-additive [unweighted],market_loss_1d,9.207457878145932e-18
2,Choquistic 1-additive [unweighted],negative_momentum_21d,-4.5887673793316315e-18
2,Choquistic 1-additive [unweighted],realized_volatility_20d,0.12133652554111339
2,Choquistic 1-additive [unweighted],term_spread_10y_2y_pct,0.2560138694400053
2,Choquistic 1-additive [unweighted],vix,0.6226496050188842
2,Choquistic 2-additive [balanced],average_equity_correlation_60d,-2.624553003159085e-14
2,Choquistic 2-additive [balanced],baa_credit_spread_pct,0.04407477691247251
2,Choquistic 2-additive [balanced],drawdown_severity,-1.809118205000586e-14
2,Choquistic 2-additive [balanced],lagged_portfolio_loss_1d,0.13709304687824292
2,Choquistic 2-additive [balanced],liquidity_stress_20d,0.0668658372182305
2,Choquistic 2-additive [balanced],market_loss_1d,0.16823149540629156
2,Choquistic 2-additive [balanced],negative_momentum_21d,0.011167971878176744
2,Choquistic 2-additive [balanced],realized_volatility_20d,0.06959062978905348
2,Choquistic 2-additive [balanced],term_spread_10y_2y_pct,0.27522344556959677
2,Choquistic 2-additive [balanced],vix,0.22775279634798
2,Choquistic 2-additive [unweighted],average_equity_correlation_60d,4.5611623221395173e-17
2,Choquistic 2-additive [unweighted],baa_credit_spread_pct,0.08783969703005977
2,Choquistic 2-additive [unweighted],drawdown_severity,1.8405835736011196e-18
2,Choquistic 2-additive [unweighted],lagged_portfolio_loss_1d,0.03614284492883804
2,Choquistic 2-additive [unweighted],liquidity_stress_20d,0.021668787461737615
2,Choquistic 2-additive [unweighted],market_loss_1d,0.19384556143527748
2,Choquistic 2-additive [unweighted],negative_momentum_21d,0.024709459264262264
2,Choquistic 2-additive [unweighted],realized_volatility_20d,0.08783969703005982
2,Choquistic 2-additive [unweighted],term_spread_10y_2y_pct,0.3296392113151028
2,Choquistic 2-additive [unweighted],vix,0.21831474153466288
2,Choquistic model aggregator [balanced],Gradient boosting [balanced],-3.1947824015906193e-17
2,Choquistic model aggregator [balanced],Logistic [balanced],7.285838599102591e-17
2,Choquistic model aggregator [balanced],Logistic oriented [balanced],-1.9371078815074348e-17
2,Choquistic model aggregator [balanced],Penalized logistic [balanced],0.9999999999999998
2,Choquistic model aggregator [balanced],Rolling prior probability,6.765421556309548e-17
2,Choquistic model aggregator [unweighted],Gradient boosting [unweighted],0.9999999999999996
2,Choquistic model aggregator [unweighted],Logistic [unweighted],1.4991353789138114e-17
2,Choquistic model aggregator [unweighted],Logistic oriented [unweighted],1.1539976873392588e-17
2,Choquistic model aggregator [unweighted],Penalized logistic [unweighted],1.2038935748188523e-16
2,Choquistic model aggregator [unweighted],Rolling prior probability,7.506744791746511e-17
3,Choquistic 1-additive [balanced],average_equity_correlation_60d,-2.1127698119627682e-15
3,Choquistic 1-additive [balanced],baa_credit_spread_pct,-2.5012351587307185e-15
3,Choquistic 1-additive [balanced],drawdown_severity,2.788159852201809e-16
3,Choquistic 1-additive [balanced],lagged_portfolio_loss_1d,0.35507585225378757
3,Choquistic 1-additive [balanced],liquidity_stress_20d,-2.27280059103147e-15
3,Choquistic 1-additive [balanced],market_loss_1d,0.13778864603773866
3,Choquistic 1-additive [balanced],negative_momentum_21d,0.42080890761395595
3,Choquistic 1-additive [balanced],realized_volatility_20d,2.788866621871002e-15
3,Choquistic 1-additive [balanced],term_spread_10y_2y_pct,0.0863265940945201
3,Choquistic 1-additive [balanced],vix,3.821743093749999e-15
3,Choquistic 1-additive [unweighted],average_equity_correlation_60d,0.009912237247272814
3,Choquistic 1-additive [unweighted],baa_credit_spread_pct,6.355255231001065e-18
3,Choquistic 1-additive [unweighted],drawdown_severity,3.974010657206491e-16
3,Choquistic 1-additive [unweighted],lagged_portfolio_loss_1d,0.552378028957288
3,Choquistic 1-additive [unweighted],liquidity_stress_20d,-3.107838598938077e-17
3,Choquistic 1-additive [unweighted],market_loss_1d,4.6826339033703835e-17
3,Choquistic 1-additive [unweighted],negative_momentum_21d,0.38629621686553517
3,Choquistic 1-additive [unweighted],realized_volatility_20d,5.148652392875846e-18
3,Choquistic 1-additive [unweighted],term_spread_10y_2y_pct,0.05141351692990127
3,Choquistic 1-additive [unweighted],vix,-8.442892058636309e-17
3,Choquistic 2-additive [balanced],average_equity_correlation_60d,0.010886160723493667
3,Choquistic 2-additive [balanced],baa_credit_spread_pct,9.045650381310248e-15
3,Choquistic 2-additive [balanced],drawdown_severity,4.431985779035762e-15
3,Choquistic 2-additive [balanced],lagged_portfolio_loss_1d,0.298346408542743
3,Choquistic 2-additive [balanced],liquidity_stress_20d,8.195666731361831e-15
3,Choquistic 2-additive [balanced],market_loss_1d,0.2588310492051288
3,Choquistic 2-additive [balanced],negative_momentum_21d,0.33709240858750594
3,Choquistic 2-additive [balanced],realized_volatility_20d,0.040345279626049446
3,Choquistic 2-additive [balanced],term_spread_10y_2y_pct,0.054498693315052756
3,Choquistic 2-additive [balanced],vix,4.92941889817233e-15
3,Choquistic 2-additive [unweighted],average_equity_correlation_60d,0.024532178844520632
3,Choquistic 2-additive [unweighted],baa_credit_spread_pct,5.957828548671849e-17
3,Choquistic 2-additive [unweighted],drawdown_severity,1.5707289528673495e-17
3,Choquistic 2-additive [unweighted],lagged_portfolio_loss_1d,0.4390614268809207
3,Choquistic 2-additive [unweighted],liquidity_stress_20d,3.2028131579909276e-17
3,Choquistic 2-additive [unweighted],market_loss_1d,0.21506178205654686
3,Choquistic 2-additive [unweighted],negative_momentum_21d,0.21770534085469562
3,Choquistic 2-additive [unweighted],realized_volatility_20d,0.024716166428117633
3,Choquistic 2-additive [unweighted],term_spread_10y_2y_pct,0.07892310493519787
3,Choquistic 2-additive [unweighted],vix,-1.691624052939484e-17
3,Choquistic model aggregator [balanced],Gradient boosting [balanced],0.23836139829371428
3,Choquistic model aggregator [balanced],Logistic [balanced],1.94330943821969e-17
3,Choquistic model aggregator [balanced],Logistic oriented [balanced],6.441956845958024e-17
3,Choquistic model aggregator [balanced],Penalized logistic [balanced],0.7616386017062856
3,Choquistic model aggregator [balanced],Rolling prior probability,3.007518353184994e-17
3,Choquistic model aggregator [unweighted],Gradient boosting [unweighted],0.2116933624895965
3,Choquistic model aggregator [unweighted],Logistic [unweighted],0.14426556515251612
3,Choquistic model aggregator [unweighted],Logistic oriented [unweighted],0.14426562600702292
3,Choquistic model aggregator [unweighted],Penalized logistic [unweighted],0.4128357976841723
3,Choquistic model aggregator [unweighted],Rolling prior probability,0.08693964866669207
4,Choquistic 1-additive [balanced],average_equity_correlation_60d,0.03235448058022454
4,Choquistic 1-additive [balanced],baa_credit_spread_pct,-4.789656828247441e-16
4,Choquistic 1-additive [balanced],drawdown_severity,1.9435553268427064e-16
4,Choquistic 1-additive [balanced],lagged_portfolio_loss_1d,0.43039681805487756
4,Choquistic 1-additive [balanced],liquidity_stress_20d,-5.777084197061695e-17
4,Choquistic 1-additive [balanced],market_loss_1d,0.1606209206663304
4,Choquistic 1-additive [balanced],negative_momentum_21d,0.2909352793840852
4,Choquistic 1-additive [balanced],realized_volatility_20d,-1.6181036007792598e-15
4,Choquistic 1-additive [balanced],term_spread_10y_2y_pct,3.332026027433066e-16
4,Choquistic 1-additive [balanced],vix,0.08569250131448478
4,Choquistic 1-additive [unweighted],average_equity_correlation_60d,0.07574167676695236
4,Choquistic 1-additive [unweighted],baa_credit_spread_pct,-2.1638245771479323e-17
4,Choquistic 1-additive [unweighted],drawdown_severity,-2.027980793637127e-16
4,Choquistic 1-additive [unweighted],lagged_portfolio_loss_1d,0.6208842442795789
4,Choquistic 1-additive [unweighted],liquidity_stress_20d,-2.269350724877523e-18
4,Choquistic 1-additive [unweighted],market_loss_1d,1.005933929799665e-18
4,Choquistic 1-additive [unweighted],negative_momentum_21d,0.26917379248420087
4,Choquistic 1-additive [unweighted],realized_volatility_20d,7.928761236593504e-18
4,Choquistic 1-additive [unweighted],term_spread_10y_2y_pct,-1.5434321025945239e-18
4,Choquistic 1-additive [unweighted],vix,0.03420028646926967
4,Choquistic 2-additive [balanced],average_equity_correlation_60d,0.03559574448812114
4,Choquistic 2-additive [balanced],baa_credit_spread_pct,-5.314877353468411e-17
4,Choquistic 2-additive [balanced],drawdown_severity,5.680911687856227e-16
4,Choquistic 2-additive [balanced],lagged_portfolio_loss_1d,0.3640882096745039
4,Choquistic 2-additive [balanced],liquidity_stress_20d,-6.160872197962474e-17
4,Choquistic 2-additive [balanced],market_loss_1d,0.26209039728654715
4,Choquistic 2-additive [balanced],negative_momentum_21d,0.31180432771460487
4,Choquistic 2-additive [balanced],realized_volatility_20d,1.03588723590459e-15
4,Choquistic 2-additive [balanced],term_spread_10y_2y_pct,1.5438214474825958e-15
4,Choquistic 2-additive [balanced],vix,0.026421320836217836
4,Choquistic 2-additive [unweighted],average_equity_correlation_60d,0.07104966691514518
4,Choquistic 2-additive [unweighted],baa_credit_spread_pct,-1.3156025747008104e-17
4,Choquistic 2-additive [unweighted],drawdown_severity,2.3121301448339057e-17
4,Choquistic 2-additive [unweighted],lagged_portfolio_loss_1d,0.5270210538360441
4,Choquistic 2-additive [unweighted],liquidity_stress_20d,6.258142956030793e-18
4,Choquistic 2-additive [unweighted],market_loss_1d,0.15772739505168698
4,Choquistic 2-additive [unweighted],negative_momentum_21d,0.15103837539156426
4,Choquistic 2-additive [unweighted],realized_volatility_20d,0.046581754402779355
4,Choquistic 2-additive [unweighted],term_spread_10y_2y_pct,-9.891618337660008e-18
4,Choquistic 2-additive [unweighted],vix,0.046581754402779334
4,Choquistic model aggregator [balanced],Gradient boosting [balanced],0.15668582524433233
4,Choquistic model aggregator [balanced],Logistic [balanced],2.4538657419683383e-17
4,Choquistic model aggregator [balanced],Logistic oriented [balanced],3.5987719423404004e-17
4,Choquistic model aggregator [balanced],Penalized logistic [balanced],0.5675953191822741
4,Choquistic model aggregator [balanced],Rolling prior probability,0.2757188555733937
4,Choquistic model aggregator [unweighted],Gradient boosting [unweighted],-1.567693150335915e-17
4,Choquistic model aggregator [unweighted],Logistic [unweighted],4.202062145856159e-17
4,Choquistic model aggregator [unweighted],Logistic oriented [unweighted],2.190282949109707e-17
4,Choquistic model aggregator [unweighted],Penalized logistic [unweighted],-4.848282373956336e-17
4,Choquistic model aggregator [unweighted],Rolling prior probability,1.0
5,Choquistic 1-additive [balanced],average_equity_correlation_60d,1.2928647675072952e-14
5,Choquistic 1-additive [balanced],baa_credit_spread_pct,5.1546164693432875e-15
5,Choquistic 1-additive [balanced],drawdown_severity,1.519892621225304e-14
5,Choquistic 1-additive [balanced],lagged_portfolio_loss_1d,0.4674782560382256
5,Choquistic 1-additive [balanced],liquidity_stress_20d,6.288263173810076e-15
5,Choquistic 1-additive [balanced],market_loss_1d,0.06474023616668362
5,Choquistic 1-additive [balanced],negative_momentum_21d,0.46778150779505473
5,Choquistic 1-additive [balanced],realized_volatility_20d,-1.8677056105832573e-16
5,Choquistic 1-additive [balanced],term_spread_10y_2y_pct,4.894722750693337e-15
5,Choquistic 1-additive [balanced],vix,-7.217833292433854e-15
5,Choquistic 1-additive [unweighted],average_equity_correlation_60d,-2.9172869888068146e-17
5,Choquistic 1-additive [unweighted],baa_credit_spread_pct,6.249282076804119e-17
5,Choquistic 1-additive [unweighted],drawdown_severity,3.977647969282862e-16
5,Choquistic 1-additive [unweighted],lagged_portfolio_loss_1d,0.6191435101877539
5,Choquistic 1-additive [unweighted],liquidity_stress_20d,9.325334029853998e-18
5,Choquistic 1-additive [unweighted],market_loss_1d,7.626599942691535e-17
5,Choquistic 1-additive [unweighted],negative_momentum_21d,0.38085648981224296
5,Choquistic 1-additive [unweighted],realized_volatility_20d,-2.192497351905792e-17
5,Choquistic 1-additive [unweighted],term_spread_10y_2y_pct,3.680552209722722e-17
5,Choquistic 1-additive [unweighted],vix,-4.5202970004664715e-17
5,Choquistic 2-additive [balanced],average_equity_correlation_60d,0.028333501748358487
5,Choquistic 2-additive [balanced],baa_credit_spread_pct,-5.144946089185907e-14
5,Choquistic 2-additive [balanced],drawdown_severity,0.028577113660085165
5,Choquistic 2-additive [balanced],lagged_portfolio_loss_1d,0.2840153551620644
5,Choquistic 2-additive [balanced],liquidity_stress_20d,-5.3524496509666736e-14
5,Choquistic 2-additive [balanced],market_loss_1d,0.11491645032318994
5,Choquistic 2-additive [balanced],negative_momentum_21d,0.3004853061956876
5,Choquistic 2-additive [balanced],realized_volatility_20d,-1.5663071512276815e-13
5,Choquistic 2-additive [balanced],term_spread_10y_2y_pct,0.24367227291088372
5,Choquistic 2-additive [balanced],vix,-7.63296141479185e-15
5,Choquistic 2-additive [unweighted],average_equity_correlation_60d,0.06255593649374441
5,Choquistic 2-additive [unweighted],baa_credit_spread_pct,-1.0690019252592631e-16
5,Choquistic 2-additive [unweighted],drawdown_severity,0.003832957363809562
5,Choquistic 2-additive [unweighted],lagged_portfolio_loss_1d,0.36996889024141577
5,Choquistic 2-additive [unweighted],liquidity_stress_20d,1.1912947744395794e-17
5,Choquistic 2-additive [unweighted],market_loss_1d,0.01648537612064461
5,Choquistic 2-additive [unweighted],negative_momentum_21d,0.2716619412082883
5,Choquistic 2-additive [unweighted],realized_volatility_20d,1.6761213425296122e-17
5,Choquistic 2-additive [unweighted],term_spread_10y_2y_pct,0.2754948985720977
5,Choquistic 2-additive [unweighted],vix,2.487411543552522e-17
5,Choquistic model aggregator [balanced],Gradient boosting [balanced],0.1641893553796202
5,Choquistic model aggregator [balanced],Logistic [balanced],0.10595624517563468
5,Choquistic model aggregator [balanced],Logistic oriented [balanced],0.10595624517563426
5,Choquistic model aggregator [balanced],Penalized logistic [balanced],0.39529058985630544
5,Choquistic model aggregator [balanced],Rolling prior probability,0.22860756441280564
5,Choquistic model aggregator [unweighted],Gradient boosting [unweighted],0.2152827471350502
5,Choquistic model aggregator [unweighted],Logistic [unweighted],1.3801449297224262e-18
5,Choquistic model aggregator [unweighted],Logistic oriented [unweighted],8.966086705945154e-18
5,Choquistic model aggregator [unweighted],Penalized logistic [unweighted],-6.265284170655203e-18
5,Choquistic model aggregator [unweighted],Rolling prior probability,0.7847172528649496
6,Choquistic 1-additive [balanced],average_equity_correlation_60d,-9.55874454489878e-16
6,Choquistic 1-additive [balanced],baa_credit_spread_pct,-6.890000688317707e-16
6,Choquistic 1-additive [balanced],drawdown_severity,-2.698411414123055e-16
6,Choquistic 1-additive [balanced],lagged_portfolio_loss_1d,0.19445805623487314
6,Choquistic 1-additive [balanced],liquidity_stress_20d,-7.00140332201852e-16
6,Choquistic 1-additive [balanced],market_loss_1d,0.022946545207567604
6,Choquistic 1-additive [balanced],negative_momentum_21d,0.25413662383025265
6,Choquistic 1-additive [balanced],realized_volatility_20d,1.1342216676175409e-15
6,Choquistic 1-additive [balanced],term_spread_10y_2y_pct,-7.650708770216398e-16
6,Choquistic 1-additive [balanced],vix,0.5284587747273076
6,Choquistic 1-additive [unweighted],average_equity_correlation_60d,4.675436274571629e-19
6,Choquistic 1-additive [unweighted],baa_credit_spread_pct,1.1143316366623024e-17
6,Choquistic 1-additive [unweighted],drawdown_severity,1.642256047782247e-15
6,Choquistic 1-additive [unweighted],lagged_portfolio_loss_1d,0.33959798345086134
6,Choquistic 1-additive [unweighted],liquidity_stress_20d,-1.1887003153995015e-17
6,Choquistic 1-additive [unweighted],market_loss_1d,0.07791790846258426
6,Choquistic 1-additive [unweighted],negative_momentum_21d,0.16328276165285147
6,Choquistic 1-additive [unweighted],realized_volatility_20d,0.1052418225838577
6,Choquistic 1-additive [unweighted],term_spread_10y_2y_pct,-2.19297325727643e-17
6,Choquistic 1-additive [unweighted],vix,0.313959523849845
6,Choquistic 2-additive [balanced],average_equity_correlation_60d,-1.0170629889353938e-14
6,Choquistic 2-additive [balanced],baa_credit_spread_pct,-1.5599790005276098e-14
6,Choquistic 2-additive [balanced],drawdown_severity,-1.3641843769806696e-14
6,Choquistic 2-additive [balanced],lagged_portfolio_loss_1d,0.35020423805431344
6,Choquistic 2-additive [balanced],liquidity_stress_20d,-1.1611059063024448e-14
6,Choquistic 2-additive [balanced],market_loss_1d,0.07764673039640377
6,Choquistic 2-additive [balanced],negative_momentum_21d,0.13873642281517126
6,Choquistic 2-additive [balanced],realized_volatility_20d,-3.295376650203113e-14
6,Choquistic 2-additive [balanced],term_spread_10y_2y_pct,0.08906573994353424
6,Choquistic 2-additive [balanced],vix,0.3443468687906615
6,Choquistic 2-additive [unweighted],average_equity_correlation_60d,4.3956701113655136e-17
6,Choquistic 2-additive [unweighted],baa_credit_spread_pct,-4.844962884168671e-18
6,Choquistic 2-additive [unweighted],drawdown_severity,-4.357322068498274e-16
6,Choquistic 2-additive [unweighted],lagged_portfolio_loss_1d,0.33190441609379895
6,Choquistic 2-additive [unweighted],liquidity_stress_20d,5.239298971471161e-17
6,Choquistic 2-additive [unweighted],market_loss_1d,0.10486251522116022
6,Choquistic 2-additive [unweighted],negative_momentum_21d,0.1257081244854364
6,Choquistic 2-additive [unweighted],realized_volatility_20d,-9.335042748249026e-18
6,Choquistic 2-additive [unweighted],term_spread_10y_2y_pct,0.0632330686850407
6,Choquistic 2-additive [unweighted],vix,0.37429187551456333
6,Choquistic model aggregator [balanced],Gradient boosting [balanced],0.12648937602247812
6,Choquistic model aggregator [balanced],Logistic [balanced],0.24032770370078346
6,Choquistic model aggregator [balanced],Logistic oriented [balanced],0.24032770079726828
6,Choquistic model aggregator [balanced],Penalized logistic [balanced],2.35676637848277e-16
6,Choquistic model aggregator [balanced],Rolling prior probability,0.39285521947946966
6,Choquistic model aggregator [unweighted],Gradient boosting [unweighted],2.3885190277506527e-16
6,Choquistic model aggregator [unweighted],Logistic [unweighted],-5.663657186549044e-17
6,Choquistic model aggregator [unweighted],Logistic oriented [unweighted],2.183515923400661e-17
6,Choquistic model aggregator [unweighted],Penalized logistic [unweighted],-4.645899240251929e-16
6,Choquistic model aggregator [unweighted],Rolling prior probability,0.9999999999999994
