asset,model,evaluation_structure,MSE,RMSE,MAE,Tail-weighted MAE,OOS R2,Correlation,validation RMSE,selection runtime seconds,refit runtime seconds,parameter count,OOS folds
AAPL,Choquet 1-additive,rolling_5y,0.00014811850366707577,0.012170394556754345,0.008600016481124854,0.010004265903577466,0.6196233649989243,0.7877113306647583,0.011133249132414586,0.22129079996375367,0.1021096000331454,8,7
AAPL,Choquet 1-additive scaled-q,rolling_5y,0.00023500344279234043,0.01532982200784929,0.011177170107084846,0.012827465483477319,0.39649796230767564,0.6546303658330639,0.014399778957946576,0.06814370001666248,0.04067689995281398,9,7
AAPL,Choquet 2-additive,rolling_5y,0.0001507017139927394,0.01227606264209903,0.00868216048101405,0.01012097254992689,0.6129895358226283,0.7845755728990642,0.011192840111058115,0.39797069993801415,0.32789859996410087,29,7
AAPL,Choquet 2-additive L1,rolling_5y,0.00015858682748189036,0.012593126199712697,0.008896541844192073,0.010333389933584503,0.5927401215945021,0.7725399320537517,0.011063801941168046,1.7229333000141196,0.4068727999692783,29,7
AAPL,Choquet 2-additive scaled-q,rolling_5y,0.00022195788700816576,0.014898251139250062,0.010713085522021808,0.012289601602190798,0.4299996821336922,0.6861129363985295,0.013209254433268841,0.08134209993295372,0.06177979981293902,30,7
AAPL,Choquet 2-additive scaled-q L1,rolling_5y,0.00022182653116388615,0.01489384205515441,0.010699919898741295,0.01226688022536564,0.43033701131808033,0.6861897838687997,0.01321096445104843,0.30637560004834086,0.07211859995732084,30,7
AAPL,Elastic net,rolling_5y,0.00014371562732733777,0.01198814528304265,0.008669482529966743,0.009672673976114824,0.6309301986825788,0.8053892107565355,0.010528612406835933,0.29578430007677525,0.017424400022719055,8,7
AAPL,Lasso,rolling_5y,0.00014738173377929018,0.012140087881860254,0.00857053192619135,0.00992465992404499,0.6215154314440183,0.7928239150299797,0.010349060070127479,0.10581500001717359,0.01646499993512407,8,7
AAPL,Monotone linear,rolling_5y,0.00015365571343208377,0.012395794183193096,0.00884249653122984,0.009957149643264693,0.6054034993807638,0.7894432506130098,0.011201617897520848,0.03699740004958585,0.02189499989617616,8,7
AAPL,OLS,rolling_5y,0.0001466751621883009,0.012110952158616633,0.008808364502875457,0.009752597268637513,0.6233299469671562,0.8029234011237261,0.010820363567140192,0.039242600032594055,0.015661000041291118,8,7
AAPL,OLS oriented,rolling_5y,0.0001466751621883009,0.012110952158616633,0.008808364502875457,0.009752597268637513,0.6233299469671562,0.8029234011237261,0.010820363567140192,0.03471270005684346,0.020644199976231903,8,7
AAPL,Ridge,rolling_5y,0.00014585400021274397,0.012077002948279179,0.0087973441088409,0.009759302435070071,0.6254387370326786,0.8046205192455917,0.01065879567941273,0.10346669994760305,0.0149167999625206,8,7
AMZN,Choquet 1-additive,rolling_5y,0.0001830774123742734,0.013530610199627858,0.009521045294046182,0.010879641403327044,0.6302063332596506,0.7944956680591752,0.012611880297165421,0.11338739999337122,0.09644369996385649,8,7
AMZN,Choquet 1-additive scaled-q,rolling_5y,0.00027250189581952877,0.0165076314418371,0.012150380244142585,0.013818815665017395,0.4495799676106812,0.6922002596957565,0.01501055550187062,0.05303230002755299,0.03822829993441701,9,7
AMZN,Choquet 2-additive,rolling_5y,0.00017801764277678938,0.01334232523875765,0.009456931816678067,0.010738283302661144,0.6404264403064437,0.8007094031798435,0.012436963995452776,0.27491819992428645,0.2556684000301175,29,7
AMZN,Choquet 2-additive L1,rolling_5y,0.00017897168505921684,0.01337802993939006,0.009464484875416452,0.010719017143746859,0.6384993932214491,0.7999848954533397,0.012379725042053183,1.219086299999617,0.35452980000991374,29,7
AMZN,Choquet 2-additive scaled-q,rolling_5y,0.00024687224638953993,0.015712168736031953,0.011446904846213942,0.013060851163839265,0.5013486807308427,0.7297334804269494,0.01463113683404579,0.07199239998590201,0.06497379997745156,30,7
AMZN,Choquet 2-additive scaled-q L1,rolling_5y,0.0002646203950465029,0.01626715694417752,0.011892764101069387,0.013555605315922307,0.46549962166563275,0.7067062544142162,0.014633166811827506,0.28829230001429096,0.06537660007597879,30,7
AMZN,Elastic net,rolling_5y,0.00017728177667487334,0.013314720300286947,0.009478906471581868,0.01044885476915898,0.6419127985662008,0.8131699187255075,0.01222010499248099,0.22993090003728867,0.015905499982181937,8,7
AMZN,Lasso,rolling_5y,0.00017740483576562377,0.013319340665574395,0.009470697018920315,0.010481997962065656,0.6416642344653422,0.8114509916776774,0.012167482486115164,0.10798259993316606,0.015871800074819475,8,7
AMZN,Monotone linear,rolling_5y,0.00016972614791803333,0.01302789882974355,0.009500244800263576,0.010343742690623303,0.6571742315648754,0.8198135133571809,0.012087593730028013,0.03678519988898188,0.021386199921835214,8,7
AMZN,OLS,rolling_5y,0.00018188068153189997,0.013486314601547006,0.00966233384531116,0.01049016536882845,0.6326235811361818,0.8162825876294766,0.012509453670099856,0.025620399974286556,0.015381000004708767,8,7
AMZN,OLS oriented,rolling_5y,0.00018188068153189997,0.013486314601547006,0.00966233384531116,0.01049016536882845,0.6326235811361818,0.8162825876294766,0.012509453670099856,0.03482609998900443,0.020391300029587,8,7
AMZN,Ridge,rolling_5y,0.00018122739902588837,0.01346207261256187,0.009633618969146739,0.010470059468015257,0.6339431307746783,0.8160233174801738,0.012449325151966237,0.10100400005467236,0.015271099866367877,8,7
JPM,Choquet 1-additive,rolling_5y,0.00010688210112716744,0.01033838000497019,0.0067130311447479675,0.008133920325479155,0.7151348200161929,0.8505086562352488,0.008891657054096867,0.14123920002020895,0.11423569993348792,8,7
JPM,Choquet 1-additive scaled-q,rolling_5y,0.00029353535159773263,0.01713287341918257,0.011716571669409832,0.014665145362712701,0.21766133073104366,0.4967640965904705,0.014211259178418641,0.054750700015574694,0.03972680005244911,9,7
JPM,Choquet 2-additive,rolling_5y,0.00010060250021502875,0.010030079771119907,0.006358381077411308,0.00803498418957871,0.7318713888635299,0.8596363791588703,0.008748032600382384,0.4118913998827338,0.35567370004719123,29,7
JPM,Choquet 2-additive L1,rolling_5y,9.804917466441467e-05,0.00990197832074049,0.006381612718204497,0.007761365011306159,0.7386765838855434,0.8643409027311062,0.008499314001460456,1.6559689001296647,0.5851921000285074,29,7
JPM,Choquet 2-additive scaled-q,rolling_5y,0.00026557907446740566,0.016296597021077917,0.01072528830985821,0.013759898410990479,0.29217118628611505,0.5488700474813523,0.0125122020141,0.08927970001241192,0.06916129996534437,30,7
JPM,Choquet 2-additive scaled-q L1,rolling_5y,0.00028009234214700876,0.016735959552622276,0.011268099087382324,0.014310433892284542,0.25349001735227916,0.5189308788156859,0.01250773631641314,0.3166596000082791,0.06328019988723099,30,7
JPM,Elastic net,rolling_5y,5.999627772321928e-05,0.007745726416755195,0.005375132945926999,0.006376250811510129,0.8400962343390987,0.9170926336305397,0.007152688364924512,0.23583899991353974,0.016518100048415363,8,7
JPM,Lasso,rolling_5y,6.0111015900031306e-05,0.007753129426240175,0.005378606338983538,0.00638073721912466,0.8397904309253945,0.916908864188588,0.007155871357074039,0.1054150999407284,0.016274299996439368,8,7
JPM,Monotone linear,rolling_5y,9.190610787491967e-05,0.009586767331844435,0.005951991311682124,0.007216731076684068,0.7550492581517422,0.8732031003272678,0.008499137999539405,0.03952869988279417,0.02186120010446757,8,7
JPM,OLS,rolling_5y,6.004205710311922e-05,0.0077486809911829005,0.005385786458340947,0.006370921741249992,0.8399742218491008,0.9168830760958154,0.007160745762055826,0.027229399944189936,0.015261900087352842,8,7
JPM,OLS oriented,rolling_5y,6.004205710311922e-05,0.0077486809911829005,0.005385786458340947,0.006370921741249992,0.8399742218491008,0.9168830760958154,0.007160745762055826,0.0350355000118725,0.022330899955704808,8,7
JPM,Ridge,rolling_5y,5.991200034767946e-05,0.007740284254966316,0.005379179253102612,0.006370515080096672,0.8403208527691121,0.9171339560260141,0.007146232550191825,0.10451359988655895,0.01564000005600974,8,7
KO,Choquet 1-additive,rolling_5y,8.099692756821266e-05,0.00899982930772649,0.005904515885804366,0.007237686901318023,0.5099485690760301,0.7149606532270156,0.00810108344534744,0.1349849000107497,0.12055150006199256,8,7
KO,Choquet 1-additive scaled-q,rolling_5y,0.0001605307596967636,0.012670073389557127,0.008841822402272964,0.011642883783976888,0.02874922717952033,0.22018036481945805,0.011657156281641887,0.05532169999787584,0.03789589996449649,9,7
KO,Choquet 2-additive,rolling_5y,7.851082535519244e-05,0.008860633462410712,0.0057270271976754055,0.007114755905087087,0.5249901019278507,0.7262716968489564,0.008030614328094692,0.39757669990649447,0.4165076000499539,29,7
KO,Choquet 2-additive L1,rolling_5y,7.73890047771512e-05,0.008797102066996335,0.005777209006499599,0.007119505901380302,0.5317773936932833,0.7314636635362305,0.007939506124745848,1.4862950998940505,0.4785808000015095,29,7
KO,Choquet 2-additive scaled-q,rolling_5y,0.0001605307596967636,0.012670073389557127,0.008841822402272964,0.011642883783976887,0.02874922717952033,0.22018036481945805,0.011657156281641887,0.06391179998172447,0.04528839996783063,30,7
KO,Choquet 2-additive scaled-q L1,rolling_5y,0.0001605307597246252,0.01267007339065663,0.0088418224071358,0.01164288375046839,0.028749227010950618,0.22018036440620778,0.011657156267265536,0.2717482999432832,0.051428899983875453,30,7
KO,Elastic net,rolling_5y,5.8603154340396686e-05,0.007655269710493334,0.005363123940803265,0.006330093480640244,0.6454364319315207,0.8036111513935228,0.007197081964303849,0.2392198999878019,0.015571299998555332,8,7
KO,Lasso,rolling_5y,5.85542306959685e-05,0.0076520736206579,0.0053557204869171884,0.0063331924885159626,0.6457324320722404,0.8040136190015386,0.007169795252565753,0.10303780005779117,0.025648699956946075,8,7
KO,Monotone linear,rolling_5y,6.853918844748872e-05,0.008278839800810784,0.005535679903815457,0.006717890539654288,0.585320969801316,0.7672416336242137,0.007749499480533066,0.03669380000792444,0.021464499935973436,8,7
KO,OLS,rolling_5y,5.989996948331013e-05,0.007739507056868036,0.005443196231350243,0.0063998777547366395,0.6375903797970937,0.7985321504599945,0.007454759795454547,0.025539499998558313,0.016378600033931434,8,7
KO,OLS oriented,rolling_5y,5.989996948331013e-05,0.007739507056868036,0.005443196231350243,0.0063998777547366395,0.6375903797970937,0.7985321504599945,0.007454759795454547,0.03498640010366216,0.020794100069906563,8,7
KO,Ridge,rolling_5y,5.9819259621753604e-05,0.007734291151860887,0.005437964543055493,0.006400089134238238,0.6380786944076959,0.7988131945430735,0.007431409873871133,0.10154259984847158,0.01572089991532266,8,7
MSFT,Choquet 1-additive,rolling_5y,0.00013028481623941123,0.01141423743573837,0.0074693682448490045,0.008745444391158205,0.6449630408696886,0.8097962960333822,0.008840504777615351,0.11177160002989694,0.09784649993525818,8,7
MSFT,Choquet 1-additive scaled-q,rolling_5y,0.0002124512931166313,0.01457570900905446,0.010435421282437565,0.01205041569623984,0.42105255816744813,0.6719574938988024,0.012227475657664641,0.05424419994233176,0.0382485999725759,9,7
MSFT,Choquet 2-additive,rolling_5y,0.00012985390623578865,0.011395345814664365,0.007450723725976968,0.008678651074719787,0.6461373064653345,0.8110492111972915,0.00878645956672309,0.2881984999985434,0.22749620000831783,29,7
MSFT,Choquet 2-additive L1,rolling_5y,0.00013117167807766728,0.011453020478357109,0.007486934482596773,0.008703032258076254,0.6425462686063379,0.8093467451672043,0.008720939868016675,1.1937348000355996,0.3390363000216894,29,7
MSFT,Choquet 2-additive scaled-q,rolling_5y,0.00021245129311663137,0.014575709009054461,0.010435421282437565,0.012050415696239844,0.421052558167448,0.6719574938988025,0.012013922012812346,0.07295719999819994,0.04630749998614192,30,7
MSFT,Choquet 2-additive scaled-q L1,rolling_5y,0.00021245129262731813,0.014575708992269232,0.010435421258268941,0.012050415634473784,0.4210525595008673,0.6719574943730819,0.012016040975132269,0.2829916000482626,0.05169920017942786,30,7
MSFT,Elastic net,rolling_5y,0.0001149414596600824,0.010721075489897569,0.007074641585573072,0.008043852860719035,0.6867749635481282,0.8368817974405344,0.008240174247812317,0.2453067998867482,0.01710679999087006,8,7
MSFT,Lasso,rolling_5y,0.00011585361018745145,0.010763531492379788,0.007030993407154253,0.00800123603123227,0.6842892775038609,0.8315015798094634,0.008151834041500316,0.1071322999196127,0.017237899883184582,8,7
MSFT,Monotone linear,rolling_5y,0.00012413066111059608,0.011141394038027561,0.007206824411010763,0.00831688782178835,0.6617336253937951,0.8197597908515145,0.008860712483447131,0.03616110002622008,0.021907099930103868,8,7
MSFT,OLS,rolling_5y,0.00011113933449576718,0.01054226420157298,0.006978696609982519,0.007932100264066768,0.697136070817073,0.8452012404731055,0.00843263432677673,0.02580940001644194,0.015612799965310842,8,7
MSFT,OLS oriented,rolling_5y,0.00011113933449576718,0.01054226420157298,0.006978696609982519,0.007932100264066768,0.697136070817073,0.8452012404731055,0.00843263432677673,0.03617159998975694,0.019976000068709254,8,7
MSFT,Ridge,rolling_5y,0.00011084428239779076,0.010528261128875498,0.006969079639254367,0.007920204798491615,0.6979401123214803,0.8452288971094953,0.008308441900348748,0.10512559994822368,0.01598179992288351,8,7
NVDA,Choquet 1-additive,rolling_5y,0.0004588520184576438,0.021420831413781396,0.015377495214456019,0.01685319450274806,0.5690555068725396,0.7809966996597647,0.020968819954578864,0.10685800010105595,0.09281960013322532,8,7
NVDA,Choquet 1-additive scaled-q,rolling_5y,0.00045251056842215,0.021272295795756273,0.015580965164516037,0.017150601374106185,0.575011267905094,0.7688088114722232,0.020880981302785383,0.06832760007819161,0.055286900023929775,9,7
NVDA,Choquet 2-additive,rolling_5y,0.0004693978437931134,0.02166559124033114,0.015399344478074463,0.016783711734129597,0.5591510819795625,0.775289117442588,0.02112200990801753,0.2816276000230573,0.2699704999686219,29,7
NVDA,Choquet 2-additive L1,rolling_5y,0.00046554676412977644,0.021576532717973395,0.015441191180226983,0.01681564920687662,0.5627679377560473,0.780931328371684,0.020837711272831738,1.1716035000281408,0.34627329994691536,29,7
NVDA,Choquet 2-additive scaled-q,rolling_5y,0.00043416700565850004,0.020836674534543655,0.015065045197939558,0.016871755919551697,0.5922391693620921,0.7714963988565764,0.02042617066579655,0.11155570001574233,0.0989515000837855,30,7
NVDA,Choquet 2-additive scaled-q L1,rolling_5y,0.00041910773355191897,0.02047212088553404,0.014706119130501313,0.016484108359996148,0.6063825317617022,0.7789750776869047,0.02007991375594995,0.440539300092496,0.1454284999636002,30,7
NVDA,Elastic net,rolling_5y,0.00032960580264697277,0.01815504895743806,0.013292108724432372,0.014207766531129257,0.6904409268351488,0.832499919980205,0.01733387936327092,0.24245390010764822,0.016523999976925552,8,7
NVDA,Lasso,rolling_5y,0.0003280703648889917,0.018112712797617912,0.013264246705160859,0.014232000397356604,0.6918829787815826,0.8328499837713093,0.017272902285508245,0.10598580003716052,0.016662699985317886,8,7
NVDA,Monotone linear,rolling_5y,0.0003376573385655287,0.018375454785270723,0.013193879464532165,0.01433479545266684,0.6828790878854529,0.8266923311436882,0.018110813244664188,0.04211950005264953,0.027816100046038628,8,7
NVDA,OLS,rolling_5y,0.0003474820999117783,0.018640871758364156,0.01359776723667797,0.014407807485571003,0.6736518716411188,0.8256795760083702,0.01759300317130756,0.026450599951203912,0.015284700028132647,8,7
NVDA,OLS oriented,rolling_5y,0.0003474820999117783,0.018640871758364156,0.01359776723667797,0.014407807485571003,0.6736518716411188,0.8256795760083702,0.01759300317130756,0.03487409988883883,0.02195739996386692,8,7
NVDA,Ridge,rolling_5y,0.00034674953541344094,0.018621211974880716,0.013572057114801146,0.014366774385485573,0.6743398813342664,0.8261332053850247,0.017507523688438224,0.10524869995424524,0.015511800011154264,8,7
UNH,Choquet 1-additive,rolling_5y,0.00036490546950635735,0.019102499038250398,0.012066568849317066,0.015575731967626377,0.24090725838692362,0.5070984617029761,0.01612063840965935,0.11905460001435131,0.10685739992186427,8,7
UNH,Choquet 1-additive scaled-q,rolling_5y,0.00048221736922650566,0.021959448290576555,0.014200479313954347,0.01883671183284527,-0.0031302226156850743,0.20316648014861188,0.019234340277432295,0.052830600063316524,0.03895480005303398,9,7
UNH,Choquet 2-additive,rolling_5y,0.00036730488304004613,0.01916519979128958,0.012025529283854438,0.015548077837087573,0.2359158906225125,0.5033753584391795,0.01583002210432672,0.3178898000041954,0.25605730002280325,29,7
UNH,Choquet 2-additive L1,rolling_5y,0.0003618836399519191,0.01902323947049816,0.011937279557543121,0.015445909762257995,0.24719340390364897,0.5111920333212713,0.015757726041203155,1.3101111999130808,0.39688100008061156,29,7
UNH,Choquet 2-additive scaled-q,rolling_5y,0.0004822173692265056,0.021959448290576555,0.014200479313954347,0.01883671183284527,-0.0031302226156848523,0.20316648014861188,0.019234340277432295,0.0649832000490278,0.046041399938985705,30,7
UNH,Choquet 2-additive scaled-q L1,rolling_5y,0.00048221736812697645,0.02195944826554111,0.01420047927803214,0.01883671171632548,-0.0031302203283949392,0.20316648126263265,0.019234340232026588,0.27795969997532666,0.05410980002488941,30,7
UNH,Elastic net,rolling_5y,0.000312753359353482,0.017684834162453488,0.010800127018806092,0.014248761043513768,0.3493964195124287,0.5918223942338496,0.014877667625400449,0.2362279999651946,0.01640869991388172,8,7
UNH,Lasso,rolling_5y,0.000315293422435108,0.017756503665843342,0.010800128743216824,0.014274089937192562,0.34411246624335334,0.5881571572962142,0.014889684984637113,0.1058732999372296,0.01565890002530068,8,7
UNH,Monotone linear,rolling_5y,0.0003275372086417471,0.018097989077291075,0.011007314690398793,0.014539322300696406,0.31864239244069104,0.5647303226822752,0.015492645683566853,0.03695160005008802,0.02143160009291023,8,7
UNH,OLS,rolling_5y,0.00030867965421325786,0.017569281550856252,0.01076792578940567,0.014125116431734941,0.35787072385102725,0.5981235353701811,0.014984751500622258,0.026373600063379854,0.015684699988923967,8,7
UNH,OLS oriented,rolling_5y,0.00030867965421325786,0.017569281550856252,0.01076792578940567,0.014125116431734941,0.35787072385102725,0.5981235353701811,0.014984751500622258,0.0348467999137938,0.021127100102603436,8,7
UNH,Ridge,rolling_5y,0.00030882394364127017,0.017573387369578756,0.01076597164827728,0.014134086989033127,0.3575705665044031,0.597873139053674,0.01497968073086702,0.10264659998938441,0.015362199977971613,8,7
WMT,Choquet 1-additive,rolling_5y,0.0001542111666432481,0.012418178877888984,0.008418089691854926,0.010419540344551424,0.2853427021454963,0.555913231277559,0.01145572481655413,0.14852470002369955,0.1290154999587685,8,7
WMT,Choquet 1-additive scaled-q,rolling_5y,0.0002054468078906057,0.014333415778892543,0.009776709884994033,0.012778163192725032,0.04790253665873501,0.2534273341450794,0.012938133932488147,0.05356889998074621,0.03844259993638843,9,7
WMT,Choquet 2-additive,rolling_5y,0.00015560903077669794,0.012474334883138979,0.008471578052535646,0.01052067734072423,0.27886461222422576,0.552266617903878,0.011508918123537512,0.310767300077714,0.3232715999474749,29,7
WMT,Choquet 2-additive L1,rolling_5y,0.00015524019007863402,0.012459542129574185,0.00847507404018576,0.010552377928930214,0.28057392227196654,0.5518016793429038,0.011450745703029178,1.4372154000448063,0.4195174999185838,29,7
WMT,Choquet 2-additive scaled-q,rolling_5y,0.0002054468078906057,0.014333415778892543,0.009776709884994031,0.01277816319272503,0.04790253665873501,0.2534273341450794,0.012938133932488147,0.0656943999347277,0.045662200020160526,30,7
WMT,Choquet 2-additive scaled-q L1,rolling_5y,0.00020544680792065713,0.014333415779940841,0.009776709894625717,0.01277816315888399,0.04790253651946841,0.25342733379952787,0.012938133920393611,0.27853299997514114,0.05040819995338097,30,7
WMT,Elastic net,rolling_5y,0.00012867895541565302,0.011343674687492278,0.0075207025224976135,0.009585316409633362,0.40366604721411636,0.6365669501337475,0.010422136543640825,0.23569840006530285,0.01574070000788197,8,7
WMT,Lasso,rolling_5y,0.0001284150159002191,0.011332034940831197,0.007531020589418808,0.009608280773647098,0.4048892161000207,0.638721993558048,0.01042675623799914,0.10399420000612736,0.016142999986186624,8,7
WMT,Monotone linear,rolling_5y,0.00013616042772289378,0.011668780044327419,0.007617008742684869,0.009715997303141339,0.36899483046990356,0.6089285239299527,0.010777650972674654,0.037265999941155314,0.021459000010509044,8,7
WMT,OLS,rolling_5y,0.0001323806932457478,0.01150568091186905,0.007681788244228276,0.00959736515528813,0.3865111678846488,0.6233461504105813,0.010610689623952058,0.025143600010778755,0.01569459994789213,8,7
WMT,OLS oriented,rolling_5y,0.0001323806932457478,0.01150568091186905,0.007681788244228276,0.00959736515528813,0.3865111678846488,0.6233461504105813,0.010610689623952058,0.03495569998631254,0.02006090001668781,8,7
WMT,Ridge,rolling_5y,0.00013242706827336064,0.01150769604540199,0.007664841231221961,0.009598882010114922,0.38629625315024185,0.6227612215529965,0.01058728263741028,0.10242539993487298,0.01510469993809238,8,7
XOM,Choquet 1-additive,rolling_5y,9.666928663172535e-05,0.009832054039300504,0.0065728972484590175,0.00837535427502112,0.7699296159616318,0.9183838989440701,0.008631850968214375,0.14620339986868203,0.12853460002224892,8,7
XOM,Choquet 1-additive scaled-q,rolling_5y,0.00036590069916541583,0.01912853102476549,0.014010915111768342,0.017609434164492944,0.12916586735970437,0.3886262689658006,0.016329192875326644,0.05475979996845126,0.04024240007856861,9,7
XOM,Choquet 2-additive,rolling_5y,0.00010618224479983194,0.010304476929948066,0.0069585371950903465,0.009172569695174423,0.7472890233252635,0.908614761748232,0.009075099791580511,0.3130311000277288,0.33437499997671694,29,7
XOM,Choquet 2-additive L1,rolling_5y,0.00010440179056508531,0.01021771944051535,0.006888509159557708,0.008910366638226355,0.7515264580247811,0.9114167384214149,0.008700471916849759,1.7311036000028253,0.5937217999016866,29,7
XOM,Choquet 2-additive scaled-q,rolling_5y,0.00027968867992958935,0.016723895477118642,0.011623392314380457,0.014908656924859707,0.3343482273979371,0.5801576749783122,0.013672405156116545,0.11480409995419905,0.09416780003812164,30,7
XOM,Choquet 2-additive scaled-q L1,rolling_5y,0.0003056939348597035,0.017484105206149483,0.012294883114087952,0.01577902933971903,0.2724563980770047,0.521382215644008,0.01422174334831498,0.3542943000793457,0.09248549997573718,30,7
XOM,Elastic net,rolling_5y,5.8627117617981665e-05,0.007656834699664194,0.005470225471425453,0.006457259331122742,0.8604689872511695,0.9318017287332409,0.006953102280334183,0.23795450007310137,0.015926599968224764,8,7
XOM,Lasso,rolling_5y,5.904263911876837e-05,0.007683920816794533,0.0054920207664688045,0.006489864748968135,0.8594800569032462,0.9315849475885518,0.006954574251700945,0.10338060004869476,0.01595979992998764,8,7
XOM,Monotone linear,rolling_5y,8.228239627374302e-05,0.009070964462158531,0.005785905281873178,0.007194214433372031,0.8041700402484973,0.9136046805247188,0.007915164050739084,0.03686649998417124,0.02218870003707707,8,7
XOM,OLS,rolling_5y,5.8129550365506334e-05,0.007624273759874204,0.005440109917461797,0.006384711703507405,0.8616531843508959,0.9312100009914276,0.0070247665791584165,0.02597160014556721,0.01606490003177896,8,7
XOM,OLS oriented,rolling_5y,5.8129550365506334e-05,0.007624273759874204,0.005440109917461797,0.006384711703507405,0.8616531843508959,0.9312100009914276,0.0070247665791584165,0.035307500103954226,0.02110670000547543,8,7
XOM,Ridge,rolling_5y,5.813199823612183e-05,0.0076244342895799054,0.005438364478157165,0.0063864851046878555,0.8616473584825958,0.9312990525263448,0.007023264952796905,0.10582529997918755,0.016202000027988106,8,7
