asset,model,evaluation_structure,MSE,RMSE,MAE,Tail-weighted MAE,Correlation,R2
AAPL,Choquet 1-additive,rolling_5y,0.00010991602305041208,0.01048408427333604,0.007518722458771851,0.008865877428487925,0.8004232810776484,0.6406754121057883
AAPL,Choquet 1-additive scaled-q,rolling_5y,0.0001585576146934679,0.01259196627590258,0.00937764651741082,0.011430017417098353,0.6940187448360058,0.481662018183745
AAPL,Choquet 2-additive,rolling_5y,0.00010881209977179703,0.010431303838533178,0.007494766329437374,0.008893492958703524,0.8029406948662614,0.6442842287837103
AAPL,Choquet 2-additive L1,rolling_5y,0.00010882427081282796,0.010431887212428438,0.007492908664355993,0.008896892794395792,0.8029071149187226,0.6442444406419879
AAPL,Choquet 2-additive scaled-q,rolling_5y,0.0001585576146934679,0.01259196627590258,0.00937764651741082,0.01143001741709836,0.6940187448360056,0.481662018183745
AAPL,Choquet 2-additive scaled-q L1,rolling_5y,0.0001585576112232444,0.01259196613810744,0.009377646405447412,0.011430017041229689,0.6940187530090212,0.48166202952819326
AAPL,Elastic net,rolling_5y,0.00011145611670361494,0.010557277902168481,0.007522976067128041,0.008984949977532138,0.798932393111233,0.6356407183286872
AAPL,Lasso,rolling_5y,0.00011342247728209732,0.010649998933431746,0.007583574911764004,0.009086845437095259,0.7958867373219843,0.6292125226488767
AAPL,Monotone linear,rolling_5y,0.00010851400208180411,0.010417005427751496,0.00747202118646937,0.008824108907443144,0.8032799853320847,0.6452587348351145
AAPL,OLS,rolling_5y,0.00010753337158608393,0.01036982987257187,0.007436662331364074,0.008770511120418767,0.8052729333516078,0.6484644971887028
AAPL,OLS oriented,rolling_5y,0.00010753337158608393,0.01036982987257187,0.007436662331364074,0.008770511120418767,0.8052729333516078,0.6484644971887028
AAPL,Ridge,rolling_5y,0.00010756558974143947,0.010371383212543998,0.0074360731191404,0.008783768797192887,0.8052178241179263,0.6483591733689852
AMZN,Choquet 1-additive,rolling_5y,0.0001568157243992111,0.012522608530143035,0.008601324079731194,0.00957286941172942,0.824870106037046,0.6787705688392143
AMZN,Choquet 1-additive scaled-q,rolling_5y,0.00021964864288188571,0.01482054799533019,0.010731691637090252,0.012342351452911878,0.7416605507846231,0.5500603725901503
AMZN,Choquet 2-additive,rolling_5y,0.00015041430128300787,0.012264350830068743,0.00858384342714966,0.009566081080186889,0.8330659727273214,0.6918835746561731
AMZN,Choquet 2-additive L1,rolling_5y,0.0001494456024595284,0.012224794577395908,0.008561104244530866,0.009450295936165233,0.8335187579114912,0.693867907370412
AMZN,Choquet 2-additive scaled-q,rolling_5y,0.00017544866436637724,0.013245703619150522,0.009212426872728243,0.010193807328989259,0.8025277026032969,0.6406018920088954
AMZN,Choquet 2-additive scaled-q L1,rolling_5y,0.00021964862086974848,0.014820547252707927,0.010731690802787937,0.012342349836122441,0.7416605811831785,0.5500604176809494
AMZN,Elastic net,rolling_5y,0.00015014592579043438,0.012253404661172109,0.00859775690131225,0.009454754661862566,0.8327040951309455,0.6924333288797828
AMZN,Lasso,rolling_5y,0.00015370052395712573,0.01239760154050475,0.008694308244211343,0.00968187051171133,0.8297282594834745,0.6851519063600321
AMZN,Monotone linear,rolling_5y,0.0001488407345420703,0.012200030104146067,0.008585731066322681,0.009342918356764244,0.833730741942976,0.6951069500607856
AMZN,OLS,rolling_5y,0.00014882527900440175,0.012199396665589727,0.008593234365463541,0.009348243390402047,0.8337497286252028,0.6951386099825987
AMZN,OLS oriented,rolling_5y,0.00014882527900440175,0.012199396665589727,0.008593234365463541,0.009348243390402047,0.8337497286252028,0.6951386099825987
AMZN,Ridge,rolling_5y,0.00014882527907599658,0.012199396668524086,0.008593214063784086,0.009348240907612788,0.8337497285519154,0.6951386098359402
JPM,Choquet 1-additive,rolling_5y,5.8683893844896605e-05,0.007660541354558214,0.00524498736831438,0.006211789584705355,0.8648543374801908,0.7479585370628352
JPM,Choquet 1-additive scaled-q,rolling_5y,0.00014767735849501913,0.01215225734154026,0.0087660607249474,0.010991532112781472,0.6047648259639389,0.36574049472319337
JPM,Choquet 2-additive,rolling_5y,5.921379145601809e-05,0.007695049802049243,0.005268704105967939,0.006241458971877348,0.8636379961190734,0.7456826797472493
JPM,Choquet 2-additive L1,rolling_5y,5.872619822445865e-05,0.007663302044449158,0.005243932459868215,0.006210476216853138,0.8647597877023389,0.7477768439778185
JPM,Choquet 2-additive scaled-q,rolling_5y,0.00014767735849501907,0.012152257341540258,0.0087660607249474,0.01099153211278148,0.604764825963939,0.3657404947231935
JPM,Choquet 2-additive scaled-q L1,rolling_5y,0.00014767735756141993,0.012152257303127675,0.00876606069925438,0.010991531914731427,0.6047648292790436,0.3657404987329086
JPM,Elastic net,rolling_5y,5.28530918151569e-05,0.0072700131922271575,0.004967667754113901,0.005896346298528029,0.8792115975788675,0.7730012494219842
JPM,Lasso,rolling_5y,5.283006419914902e-05,0.007268429280054186,0.004972787783617014,0.005896420069653925,0.8792621863243885,0.7731001507328265
JPM,Monotone linear,rolling_5y,5.865310703524426e-05,0.007658531650077857,0.005233419555899574,0.00620954867962654,0.8649224030717559,0.7480907633354212
JPM,OLS,rolling_5y,5.2825891641964184e-05,0.007268142241450988,0.004976458793083276,0.005896920949394736,0.8792713298232782,0.773118071449196
JPM,OLS oriented,rolling_5y,5.2825891641964184e-05,0.007268142241450988,0.004976458793083276,0.005896920949394736,0.8792713298232782,0.773118071449196
JPM,Ridge,rolling_5y,5.2985618876988856e-05,0.007279122122686833,0.004958939052970409,0.005901581802611575,0.8789531549124414,0.7724320589277207
KO,Choquet 1-additive,rolling_5y,3.7275770188036447e-05,0.006105388618919884,0.0045000824794226455,0.005115116056449246,0.7941893749370322,0.6301380552217688
KO,Choquet 1-additive scaled-q,rolling_5y,9.286395080284212e-05,0.00963659435707668,0.0070777371300911945,0.00927730349739263,0.2803116128959875,0.07857460032434982
KO,Choquet 2-additive,rolling_5y,3.748530956446059e-05,0.006122524770424419,0.0044844457199652655,0.005155466043318355,0.7925744135794762,0.6280589394615606
KO,Choquet 2-additive L1,rolling_5y,3.739156781636122e-05,0.006114864496974665,0.004492340780429399,0.005162998190575599,0.7931033889448771,0.62898907464278
KO,Choquet 2-additive scaled-q,rolling_5y,9.286395080284212e-05,0.00963659435707668,0.0070777371300911945,0.00927730349739263,0.28031161289598744,0.07857460032434982
KO,Choquet 2-additive scaled-q L1,rolling_5y,9.286395080284212e-05,0.00963659435707668,0.0070777371300911945,0.00927730349739263,0.28031161289598744,0.07857460032434982
KO,Elastic net,rolling_5y,3.608329968589927e-05,0.006006937629599567,0.004396908538476316,0.005035727869770481,0.8012552060411153,0.6419701235274342
KO,Lasso,rolling_5y,3.604681379259398e-05,0.006003899881959557,0.004392930341975564,0.0050217876984618584,0.8014573575764229,0.6423321480647353
KO,Monotone linear,rolling_5y,3.7139165378954886e-05,0.006094191117691903,0.004470085212413611,0.005135616628862926,0.7946656474321053,0.6314934912086873
KO,OLS,rolling_5y,3.604531162828067e-05,0.0060037747816087065,0.004392589926163365,0.005018976261137634,0.8014655657061511,0.6423470530126811
KO,OLS oriented,rolling_5y,3.604531162828067e-05,0.0060037747816087065,0.004392589926163365,0.005018976261137634,0.8014655657061511,0.6423470530126811
KO,Ridge,rolling_5y,3.6052149022370534e-05,0.006004344179206463,0.004390021396755838,0.005030555263910336,0.8014432918474906,0.6422792102327055
MSFT,Choquet 1-additive,rolling_5y,8.067140097888797e-05,0.008981725946547689,0.006164429161130923,0.007490588047228269,0.8379441128432843,0.6913900014444003
MSFT,Choquet 1-additive scaled-q,rolling_5y,0.00011303128725245215,0.010631617339448037,0.008009374808643046,0.00958426093216028,0.7533900935778016,0.5675966331011687
MSFT,Choquet 2-additive,rolling_5y,8.115935896931323e-05,0.009008848925879113,0.006183771060632174,0.007519167434330643,0.8380937245535548,0.689523308751661
MSFT,Choquet 2-additive L1,rolling_5y,8.142831872230835e-05,0.009023764110519975,0.0062053474968607625,0.007482073837175993,0.8335440950784396,0.6884943980351474
MSFT,Choquet 2-additive scaled-q,rolling_5y,0.00011303128725245215,0.010631617339448037,0.008009374808643046,0.009584260932160278,0.7533900935778016,0.5675966331011687
MSFT,Choquet 2-additive scaled-q L1,rolling_5y,0.00011303128725245215,0.010631617339448037,0.008009374808643046,0.009584260932160278,0.7533900935778016,0.5675966331011687
MSFT,Elastic net,rolling_5y,7.649580025346699e-05,0.008746187755443339,0.0060048382562800555,0.007197064129966034,0.8429562233647775,0.7073638424612207
MSFT,Lasso,rolling_5y,7.821530114939304e-05,0.008843941494005546,0.006084557708894063,0.0073404337852239826,0.8402416904353923,0.7007858586581754
MSFT,Monotone linear,rolling_5y,7.428897458839522e-05,0.008619105208105724,0.005933844302762641,0.00695786540990516,0.8460532468803613,0.7158060965568016
MSFT,OLS,rolling_5y,7.349017272008645e-05,0.008572640941978524,0.005873434489149521,0.006890692091623441,0.8478572571445625,0.7188619284927003
MSFT,OLS oriented,rolling_5y,7.349017272008645e-05,0.008572640941978524,0.005873434489149521,0.006890692091623441,0.8478572571445625,0.7188619284927003
MSFT,Ridge,rolling_5y,7.354881824031816e-05,0.00857606076472865,0.005873441633464848,0.006901557262587707,0.8477370451199423,0.7186375789252651
NVDA,Choquet 1-additive,rolling_5y,0.00029827940828122435,0.017270767449109617,0.012426664539292252,0.013591674610364066,0.8494964871142114,0.7196115088775381
NVDA,Choquet 1-additive scaled-q,rolling_5y,0.0003110258715049514,0.017635925592521404,0.012915698119436459,0.013694658129212762,0.84637296741801,0.7076295835711851
NVDA,Choquet 2-additive,rolling_5y,0.0002921650255651505,0.017092835503951662,0.012318810741300697,0.013524559968945053,0.8535088459056667,0.7253591484943125
NVDA,Choquet 2-additive L1,rolling_5y,0.00029234249850145877,0.01709802615805283,0.012321102831111161,0.013524558698320355,0.8533619942637063,0.7251923204550814
NVDA,Choquet 2-additive scaled-q,rolling_5y,0.0003229294557717633,0.017970238055511765,0.01323381184014455,0.013987576692206776,0.8377723348824727,0.6964399810077602
NVDA,Choquet 2-additive scaled-q L1,rolling_5y,0.00032278647750950767,0.017966259418963862,0.01322799664168183,0.01400129213961199,0.83740082223466,0.6965743833771634
NVDA,Elastic net,rolling_5y,0.00027877160052683944,0.016696454729278293,0.01206469205120455,0.013107006248197816,0.8595393834017984,0.7379492305891289
NVDA,Lasso,rolling_5y,0.0002802448532045549,0.016740515320758643,0.012072055022940524,0.013157262331045973,0.8590929523969388,0.7365643441910799
NVDA,Monotone linear,rolling_5y,0.0002794485768780471,0.016716715493123854,0.012166447465092258,0.013062100712228823,0.8586692375693028,0.7373128595478475
NVDA,OLS,rolling_5y,0.0002730015486649275,0.016522758506524494,0.01206298664537936,0.012967627769535936,0.8621909257541981,0.7433731924528807
NVDA,OLS oriented,rolling_5y,0.0002730015486649275,0.016522758506524494,0.01206298664537936,0.012967627769535936,0.8621909257541981,0.7433731924528807
NVDA,Ridge,rolling_5y,0.0002730015492806939,0.016522758525158377,0.01206295689189002,0.01296762056522659,0.8621909254363778,0.7433731918740483
UNH,Choquet 1-additive,rolling_5y,0.00037130728261265976,0.019269335292444827,0.012687063883578998,0.015468550945692185,0.4209576673385222,-0.015487749562593356
UNH,Choquet 1-additive scaled-q,rolling_5y,0.0003524642308262271,0.018774030755973184,0.011648434872866494,0.01625444874364797,0.18985806667953206,0.0360460854832898
UNH,Choquet 2-additive,rolling_5y,0.0003617828698413406,0.019020590680663432,0.012633406426976548,0.015332213376918374,0.4261667106611134,0.01056055313429094
UNH,Choquet 2-additive L1,rolling_5y,0.00036938128198291755,0.01921929452354892,0.012686984312323162,0.015456218810728086,0.414062271560596,-0.010220333229169709
UNH,Choquet 2-additive scaled-q,rolling_5y,0.0003524642308262271,0.018774030755973184,0.011648434872866494,0.01625444874364797,0.18985806667953214,0.0360460854832898
UNH,Choquet 2-additive scaled-q L1,rolling_5y,0.00035246423088050106,0.01877403075741864,0.01164843487424365,0.016254448667681547,0.1898580662886263,0.03604608533485609
UNH,Elastic net,rolling_5y,0.000265604410109501,0.016297374331759734,0.00977628360047318,0.012933049138378455,0.5230668589080267,0.27359888338801674
UNH,Lasso,rolling_5y,0.00026560825943425096,0.016297492427801614,0.009772273161051854,0.012931727936876478,0.5230575224152998,0.2735883558753319
UNH,Monotone linear,rolling_5y,0.0002720993570904481,0.016495434431698007,0.009770524055925729,0.012972458500792917,0.5058021968067556,0.2558358622945397
UNH,OLS,rolling_5y,0.00026560414727302045,0.016297366267990065,0.009777683009243811,0.012933518353350115,0.5230674929864471,0.2735996022191268
UNH,OLS oriented,rolling_5y,0.00026560414727302045,0.016297366267990065,0.009777683009243811,0.012933518353350115,0.5230674929864471,0.2735996022191268
UNH,Ridge,rolling_5y,0.0002656041473266695,0.01629736626963601,0.009777649943991289,0.01293350834309551,0.5230674928860285,0.2735996020724022
WMT,Choquet 1-additive,rolling_5y,0.00012757464913742492,0.011294894826310908,0.007642588617870633,0.009439527679053384,0.5578660904024929,0.26722752093947266
WMT,Choquet 1-additive scaled-q,rolling_5y,0.0001584634196706898,0.012588225437713204,0.008490332999172203,0.011463264565193181,0.29967711116346,0.08980637095527655
WMT,Choquet 2-additive,rolling_5y,0.00012354889574544477,0.011115255091334826,0.007564480478648853,0.009339893598014768,0.5686616481006366,0.29035093388297917
WMT,Choquet 2-additive L1,rolling_5y,0.00012353074745567966,0.01111443869278515,0.00755501896227694,0.009321012669207323,0.5685095942893926,0.2904551753398187
WMT,Choquet 2-additive scaled-q,rolling_5y,0.0001584634196706898,0.012588225437713204,0.008490332999172203,0.011463264565193183,0.29967711116345996,0.08980637095527655
WMT,Choquet 2-additive scaled-q L1,rolling_5y,0.00015846341962701965,0.012588225435978642,0.008490332999055227,0.01146326455535396,0.29967711158196975,0.08980637120611235
WMT,Elastic net,rolling_5y,0.00011288131217845872,0.010624561740535875,0.006930741841233193,0.008995441744128458,0.5934613878629292,0.3516241704454035
WMT,Lasso,rolling_5y,0.00011255669276631275,0.01060927390382173,0.006934268664634617,0.008959885250731877,0.5946355310518583,0.35348874285847853
WMT,Monotone linear,rolling_5y,0.00011309731945960186,0.01063472234990655,0.0069773270426154435,0.009010108294974567,0.5919319658802548,0.3503834522308632
WMT,OLS,rolling_5y,0.00011217367909767597,0.010591207631695073,0.0069658007669617175,0.008950596621841092,0.5963964490314673,0.35568872441734367
WMT,OLS oriented,rolling_5y,0.00011217367909767597,0.010591207631695073,0.0069658007669617175,0.008950596621841092,0.5963964490314673,0.35568872441734367
WMT,Ridge,rolling_5y,0.00011220004937587465,0.010592452472202774,0.006951490341653346,0.008953160165325269,0.5962994177756995,0.3555372569098114
XOM,Choquet 1-additive,rolling_5y,4.080396285352432e-05,0.006387797965928816,0.0046755808650441304,0.00533502607207692,0.9319657903743088,0.8592315724294389
XOM,Choquet 1-additive scaled-q,rolling_5y,0.0002181465572625008,0.01476978528153002,0.011335005197732803,0.014176450722719903,0.49741573601504036,0.24742241443538415
XOM,Choquet 2-additive,rolling_5y,4.243608468498712e-05,0.006514298479881554,0.004724588990540112,0.005460121239302232,0.9300368905943956,0.8536009618771415
XOM,Choquet 2-additive L1,rolling_5y,4.082719217759588e-05,0.006389615964797562,0.004675942635997724,0.005331211535222541,0.9321288843723995,0.8591514342469094
XOM,Choquet 2-additive scaled-q,rolling_5y,7.411413970856972e-05,0.008608956946609138,0.0064234035500092485,0.007593166686167352,0.8645964878743534,0.7443157434249275
XOM,Choquet 2-additive scaled-q L1,rolling_5y,7.404172416445642e-05,0.008604750093085587,0.006420277868871467,0.007610961549967909,0.8646578616616992,0.7445655677450085
XOM,Elastic net,rolling_5y,3.397978784213279e-05,0.005829218458947373,0.004285057371176823,0.00462310708509195,0.939562709353272,0.8827740991508828
XOM,Lasso,rolling_5y,3.396614418007662e-05,0.005828048059176985,0.004285288658326597,0.004619395345278741,0.9395859542273317,0.8828211680314434
XOM,Monotone linear,rolling_5y,3.727676566750063e-05,0.006105470143035721,0.004437896346403989,0.00489260528994508,0.9334880553027856,0.8713999493929764
XOM,OLS,rolling_5y,3.396370235978176e-05,0.0058278385667228086,0.004285875566681284,0.004617602992122845,0.9395901191464444,0.882829591997629
XOM,OLS oriented,rolling_5y,3.396370235978176e-05,0.0058278385667228086,0.004285875566681284,0.004617602992122845,0.9395901191464444,0.882829591997629
XOM,Ridge,rolling_5y,3.4001234347005196e-05,0.0058310577382671485,0.004284616090974473,0.004633864312369787,0.9395591337099154,0.882700111465456
